Year,DayOfYear,T2M,WS2M,PRECTOTCORR,RH2M,ALLSKY_SFC_SW_DWN,T2M_MIN,T2M_MAX,PS
2020,1,22.64,0.45,0.05,81.75,15.65,20.3,25.4,94.6
2020,2,23.28,0.48,0.01,82.06,16.83,19.06,28.65,94.68
2020,3,23.44,0.49,0.0,83.56,17.76,19.38,28.75,94.64
2020,4,22.52,0.54,0.0,82.31,19.26,18.45,28.3,94.52
2020,5,22.64,0.39,0.0,79.12,20.11,17.32,28.69,94.44
2020,6,23.77,0.44,0.0,78.38,18.87,19.86,29.12,94.55
2020,7,23.49,0.53,0.0,75.31,19.6,19.66,29.09,94.57
2020,8,22.94,0.45,0.01,78.31,20.04,18.44,28.9,94.55
2020,9,23.15,0.47,0.0,79.44,17.72,18.08,29.34,94.53
2020,10,23.17,0.5,0.0,76.69,18.47,17.84,29.01,94.49
2020,11,22.84,0.46,0.0,71.12,21.7,18.41,29.15,94.56
2020,12,22.3,0.62,0.0,66.31,21.77,16.58,28.95,94.54
2020,13,22.4,0.54,0.0,72.75,20.39,15.93,29.15,94.45
2020,14,22.51,0.43,0.0,76.88,20.83,17.24,29.24,94.4
2020,15,22.88,0.46,0.0,76.0,20.24,18.4,29.28,94.42
2020,16,22.16,0.42,0.09,75.81,19.06,17.51,28.74,94.44
2020,17,22.62,0.46,0.04,75.12,18.68,17.22,29.15,94.46
2020,18,23.37,0.43,0.08,72.5,20.47,17.12,30.45,94.44
2020,19,24.6,0.38,0.17,75.5,19.62,20.02,30.41,94.47
2020,20,24.77,0.5,0.04,70.81,20.48,20.04,31.18,94.56
2020,21,24.04,0.43,0.02,65.0,21.42,18.31,31.19,94.61
2020,22,23.93,0.59,0.0,61.06,22.51,17.26,32.05,94.6
2020,23,24.33,0.61,0.0,63.44,22.42,18.38,31.74,94.56
2020,24,24.31,0.57,0.0,62.88,22.62,18.24,31.85,94.58
2020,25,23.5,0.45,0.0,57.81,22.3,16.14,31.79,94.61
2020,26,23.23,0.48,0.0,59.38,22.53,15.82,32.06,94.55
2020,27,24.28,0.58,0.01,72.0,19.94,18.59,31.62,94.54
2020,28,23.93,0.55,0.04,76.12,18.57,19.84,30.25,94.55
2020,29,23.91,0.52,0.01,73.38,22.19,18.45,31.48,94.62
2020,30,24.19,0.57,0.0,70.19,23.06,18.4,32.2,94.57
2020,31,24.0,0.48,0.0,69.81,22.82,18.28,32.09,94.44
2020,32,23.98,0.47,0.0,72.06,19.46,18.65,30.69,94.47
2020,33,24.05,0.5,0.01,68.81,19.27,19.3,30.77,94.65
2020,34,24.14,0.49,0.0,67.94,22.39,17.9,32.04,94.63
2020,35,24.33,0.55,0.0,69.12,21.19,19.1,31.62,94.5
2020,36,24.62,0.43,0.05,69.56,20.71,19.44,31.73,94.54
2020,37,24.78,0.52,0.01,70.38,19.65,20.04,31.46,94.54
2020,38,24.06,0.55,0.01,72.31,19.87,19.68,30.98,94.62
2020,39,22.6,0.6,0.0,69.69,23.66,17.41,29.98,94.66
2020,40,23.12,0.59,0.02,63.62,23.75,15.12,31.89,94.59
2020,41,25.34,0.47,0.02,61.88,22.38,19.55,32.69,94.53
2020,42,25.9,0.47,0.01,59.56,23.44,21.07,33.28,94.54
2020,43,25.24,0.52,0.0,57.94,23.23,18.7,33.51,94.69
2020,44,25.32,0.49,0.0,54.62,22.99,18.22,34.24,94.66
2020,45,24.8,0.49,0.0,58.75,22.49,17.05,33.46,94.52
2020,46,25.55,0.49,0.0,55.12,22.73,18.4,34.77,94.51
2020,47,25.48,0.51,0.0,56.06,22.5,18.09,34.38,94.55
2020,48,25.13,0.58,0.0,46.19,24.34,17.29,34.73,94.62
2020,49,24.96,0.55,0.0,45.19,24.1,16.69,34.69,94.59
2020,50,25.34,0.54,0.0,52.56,23.55,17.33,34.57,94.53
2020,51,25.79,0.54,0.0,53.81,24.42,18.4,34.95,94.49
2020,52,25.33,0.44,0.0,46.94,25.01,17.44,35.17,94.6
2020,53,26.02,0.55,0.0,47.25,25.05,18.33,35.52,94.67
2020,54,26.58,0.53,0.0,51.94,22.61,19.83,35.34,94.58
2020,55,26.34,0.53,0.0,55.5,20.36,19.46,35.23,94.42
2020,56,26.56,0.53,0.01,60.38,22.74,19.5,34.76,94.38
2020,57,27.02,0.52,0.0,59.56,22.07,20.11,35.12,94.38
2020,58,27.33,0.34,0.09,60.81,17.53,21.69,33.74,94.41
2020,59,27.09,0.5,0.08,58.75,19.88,22.94,32.51,94.32
2020,60,26.55,0.51,0.46,63.69,17.09,22.46,33.06,94.32
2020,61,26.45,0.55,1.44,68.38,19.49,21.94,33.28,94.4
2020,62,25.43,0.46,3.34,75.69,14.97,22.06,30.07,94.48
2020,63,25.96,0.67,1.01,71.88,20.82,21.77,32.83,94.51
2020,64,25.86,0.7,0.06,64.38,22.04,20.04,32.78,94.44
2020,65,25.56,0.71,0.0,65.56,22.55,19.85,33.3,94.35
2020,66,25.23,0.62,0.01,66.31,22.62,20.01,32.73,94.41
2020,67,25.3,0.62,0.01,65.94,22.91,19.46,32.72,94.52
2020,68,26.06,0.64,0.1,67.19,21.68,19.83,33.83,94.49
2020,69,26.84,0.64,0.12,66.81,21.37,21.54,34.29,94.38
2020,70,27.33,0.62,0.0,64.94,23.59,21.8,35.26,94.36
2020,71,26.85,0.72,0.0,66.5,23.62,21.73,34.59,94.42
2020,72,27.28,0.62,0.0,63.81,25.24,21.18,35.66,94.48
2020,73,27.59,0.58,0.0,58.81,25.72,20.93,36.37,94.47
2020,74,27.9,0.44,0.0,55.0,25.37,20.44,36.99,94.36
2020,75,28.3,0.47,0.0,52.62,25.33,20.73,37.13,94.32
2020,76,28.69,0.48,0.0,52.5,24.58,21.94,37.03,94.42
2020,77,28.65,0.59,0.02,48.56,25.29,22.09,37.49,94.51
2020,78,28.58,0.52,0.06,49.0,26.22,21.64,37.42,94.54
2020,79,28.13,0.66,0.14,59.94,24.79,21.78,36.14,94.49
2020,80,27.83,0.6,1.73,56.69,23.12,22.58,34.49,94.49
2020,81,28.0,0.69,0.03,43.75,26.66,21.11,36.61,94.44
2020,82,27.23,0.66,0.01,53.5,26.01,20.3,35.19,94.45
2020,83,28.12,0.55,0.11,59.25,25.22,22.52,35.51,94.36
2020,84,28.16,0.52,0.91,61.0,23.0,22.64,35.73,94.24
2020,85,26.97,0.43,1.28,67.25,20.64,22.22,33.76,94.26
2020,86,28.85,0.43,0.08,55.19,25.02,21.62,37.26,94.24
2020,87,28.54,0.48,0.08,55.81,22.89,22.2,36.35,94.45
2020,88,28.58,0.5,0.04,55.25,25.06,21.82,37.17,94.37
2020,89,28.47,0.58,0.04,54.0,24.78,21.41,37.3,94.29
2020,90,28.9,0.45,0.04,55.62,24.83,22.82,37.58,94.33
2020,91,29.06,0.55,0.03,48.25,26.19,21.31,38.21,94.38
2020,92,29.39,0.51,0.05,49.44,26.99,22.3,38.47,94.35
2020,93,29.08,0.65,0.1,58.38,25.15,22.76,37.06,94.29
2020,94,29.4,0.62,0.07,55.44,24.02,23.29,36.89,94.31
2020,95,29.15,0.56,0.08,58.62,24.75,22.75,37.51,94.39
2020,96,28.73,0.68,0.34,62.69,23.1,23.58,36.59,94.5
2020,97,27.26,0.49,1.39,69.31,21.92,23.26,32.62,94.52
2020,98,26.36,0.38,1.41,69.62,18.28,23.42,30.55,94.45
2020,99,27.95,0.58,0.4,61.56,21.82,21.56,36.33,94.46
2020,100,28.03,0.45,1.14,61.5,25.99,22.42,35.84,94.39
2020,101,27.5,0.62,1.25,61.5,25.09,22.3,34.33,94.44
2020,102,28.16,0.48,1.01,57.56,25.39,22.76,34.72,94.53
2020,103,28.17,0.35,0.97,58.81,23.28,22.5,34.86,94.49
2020,104,28.88,0.38,0.17,53.81,26.16,21.56,37.25,94.34
2020,105,29.29,0.5,0.06,46.88,26.32,21.83,38.53,94.34
2020,106,29.04,0.38,0.08,49.75,25.58,22.33,37.88,94.46
2020,107,28.55,0.56,0.39,59.75,22.94,22.43,36.29,94.38
2020,108,29.29,0.5,0.25,58.94,24.36,22.94,36.98,94.3
2020,109,28.95,0.51,0.53,60.94,23.11,23.95,35.6,94.34
2020,110,30.03,0.41,0.31,56.5,24.2,23.78,37.48,94.24
2020,111,29.61,0.43,0.57,57.25,24.48,24.03,36.53,94.27
2020,112,29.55,0.55,0.66,60.25,21.58,23.91,37.3,94.33
2020,113,27.94,0.61,0.84,70.25,22.23,23.85,34.58,94.32
2020,114,27.37,0.61,8.93,75.0,21.91,24.08,33.58,94.33
2020,115,25.05,0.53,6.29,84.56,18.49,22.69,29.41,94.34
2020,116,25.42,0.47,1.56,80.88,18.14,22.69,29.07,94.31
2020,117,26.43,0.53,4.58,75.31,19.59,23.19,31.01,94.33
2020,118,27.24,0.55,7.76,73.81,20.78,22.97,33.73,94.4
2020,119,28.32,0.67,0.44,66.38,23.91,22.3,36.55,94.31
2020,120,25.9,0.59,1.44,75.56,17.25,23.4,29.73,94.37
2020,121,27.02,0.43,0.6,71.5,22.73,23.21,32.9,94.41
2020,122,26.53,0.43,7.37,76.88,23.56,22.73,32.68,94.39
2020,123,26.58,0.45,5.01,78.81,20.65,22.6,33.4,94.25
2020,124,27.33,0.38,4.62,76.62,22.99,22.95,33.19,94.21
2020,125,27.9,0.33,5.84,73.5,22.88,23.55,34.94,94.29
2020,126,27.81,0.34,1.56,72.12,21.09,23.59,33.48,94.25
2020,127,27.37,0.38,2.09,76.31,22.46,23.8,32.81,94.23
2020,128,26.42,0.37,4.97,82.69,19.19,23.83,30.69,94.29
2020,129,25.87,0.41,7.21,85.69,16.95,23.77,29.73,94.28
2020,130,27.58,0.37,1.88,75.06,23.62,23.24,33.57,94.23
2020,131,27.39,0.33,0.29,75.88,18.45,24.01,32.54,94.27
2020,132,27.26,0.34,1.23,72.31,20.92,22.96,33.08,94.25
2020,133,27.02,0.33,2.08,76.56,21.41,23.65,31.93,94.23
2020,134,27.15,0.48,3.91,76.19,18.5,23.6,33.08,94.17
2020,135,27.34,0.49,2.06,76.75,23.32,23.52,33.26,94.11
2020,136,26.9,0.52,4.17,80.62,17.45,24.05,32.13,94.02
2020,137,26.48,0.58,3.67,81.12,16.45,23.6,31.26,94.02
2020,138,25.65,0.69,12.63,86.25,19.6,23.38,29.05,94.01
2020,139,24.33,0.92,10.8,89.56,8.13,22.19,27.09,94.02
2020,140,25.05,0.93,4.01,86.62,17.27,23.35,28.3,94.0
2020,141,26.42,0.72,1.8,78.38,19.77,22.79,32.76,94.0
2020,142,25.07,0.68,1.42,81.56,20.9,22.3,29.5,94.15
2020,143,26.19,0.73,0.55,75.0,22.9,21.72,32.68,94.16
2020,144,27.1,0.67,1.23,76.94,23.11,22.97,33.29,94.15
2020,145,26.01,0.7,9.37,84.38,24.36,23.71,30.08,94.24
2020,146,25.63,0.57,9.12,86.25,23.52,23.19,29.77,94.3
2020,147,25.8,0.56,5.56,86.5,22.64,23.27,29.55,94.3
2020,148,25.79,0.7,10.04,88.31,20.1,23.53,29.58,94.29
2020,149,25.84,0.71,3.66,80.0,23.27,22.29,31.68,94.23
2020,150,22.8,0.38,21.5,87.69,20.66,20.76,25.06,94.27
2020,151,24.55,0.35,8.45,85.12,18.83,20.59,28.64,94.17
2020,152,24.72,0.61,19.35,91.12,18.92,22.85,28.35,94.19
2020,153,24.3,0.78,19.35,92.5,12.82,23.0,26.55,94.26
2020,154,24.23,1.15,20.65,90.19,11.14,22.67,27.08,94.2
2020,155,24.15,1.05,16.52,92.69,11.39,23.07,25.82,94.18
2020,156,23.73,0.87,12.37,90.38,12.76,22.35,26.45,94.25
2020,157,24.15,0.77,4.74,87.0,17.95,21.95,27.94,94.31
2020,158,23.78,0.8,16.22,87.69,17.99,21.48,27.57,94.29
2020,159,24.28,0.75,7.37,86.94,17.59,21.47,28.36,94.24
2020,160,23.9,0.73,2.83,83.75,18.46,20.84,27.6,94.24
2020,161,23.72,0.67,2.51,86.06,16.15,20.28,28.29,94.23
2020,162,24.11,0.81,21.22,89.0,12.93,21.61,27.69,94.13
2020,163,22.67,0.84,9.65,89.69,15.42,20.79,25.42,94.0
2020,164,22.74,1.12,13.6,88.56,14.51,21.05,25.42,93.97
2020,165,23.37,1.02,13.31,86.19,11.58,20.61,26.97,94.05
2020,166,23.32,0.94,47.06,89.56,8.86,21.0,26.19,94.19
2020,167,24.1,0.93,15.96,90.94,13.86,21.98,27.05,94.05
2020,168,24.51,0.95,30.46,91.56,13.39,23.05,26.98,94.0
2020,169,23.75,0.88,24.12,93.38,7.67,21.74,25.87,94.03
2020,170,22.8,0.64,20.78,91.62,11.36,21.19,25.27,94.21
2020,171,23.57,0.7,12.12,90.5,17.05,21.13,26.82,94.25
2020,172,23.36,0.61,2.37,85.44,17.16,21.33,26.48,94.27
2020,173,23.19,0.81,22.56,90.62,13.43,20.59,26.42,94.16
2020,174,23.23,0.8,21.66,90.0,14.75,20.83,26.17,94.09
2020,175,22.99,0.48,0.99,87.38,17.2,20.01,26.62,94.15
2020,176,23.36,0.62,2.62,87.38,17.43,20.55,27.23,94.15
2020,177,23.38,0.68,8.19,88.75,19.99,21.03,27.19,93.98
2020,178,23.15,0.65,14.31,90.56,16.78,20.98,26.73,93.96
2020,179,23.58,0.75,18.42,91.88,16.28,21.57,26.87,94.02
2020,180,23.84,0.81,41.52,92.62,11.73,21.96,26.73,94.04
2020,181,23.95,0.81,35.19,93.81,13.35,22.25,26.63,93.97
2020,182,23.12,0.77,6.67,91.25,18.27,21.2,25.97,93.97
2020,183,23.16,0.7,6.94,89.38,13.45,20.87,26.74,94.1
2020,184,22.24,0.8,31.52,93.25,7.43,20.73,24.7,94.16
2020,185,22.84,1.06,50.91,93.44,11.78,20.79,25.05,94.12
2020,186,22.8,1.11,32.53,92.75,6.31,21.3,25.15,94.1
2020,187,22.49,0.85,23.21,93.31,13.9,20.91,24.12,94.1
2020,188,23.54,1.05,17.65,92.88,13.32,21.73,25.81,94.05
2020,189,22.69,0.9,32.81,93.19,7.93,20.03,24.77,94.16
2020,190,22.9,0.8,25.17,93.44,10.03,21.23,25.29,94.2
2020,191,22.55,0.85,22.76,94.88,10.71,20.68,25.15,94.11
2020,192,22.78,0.71,5.43,91.25,14.43,20.4,26.37,94.19
2020,193,22.98,0.73,11.45,90.19,16.51,20.51,26.52,94.18
2020,194,22.75,0.9,8.63,92.62,16.97,20.73,25.83,94.1
2020,195,22.21,0.73,5.78,92.69,15.22,19.9,25.97,94.05
2020,196,23.28,0.89,8.23,92.06,10.0,21.69,26.12,94.07
2020,197,22.51,0.86,22.99,94.0,7.85,21.12,24.44,94.05
2020,198,23.08,0.99,41.74,92.81,7.05,20.99,25.78,93.97
2020,199,22.81,0.89,35.34,92.69,5.79,21.19,25.4,93.97
2020,200,23.01,0.94,14.23,93.56,11.34,20.84,26.13,94.03
2020,201,22.88,0.58,19.63,92.44,17.38,20.76,25.58,94.09
2020,202,23.16,0.56,12.23,94.5,17.56,21.48,26.15,93.92
2020,203,23.89,0.48,2.52,89.12,20.32,20.99,28.17,93.96
2020,204,24.15,0.46,3.84,89.69,20.05,21.12,27.87,94.01
2020,205,24.23,0.35,22.53,91.62,17.91,22.32,27.12,93.95
2020,206,23.16,0.72,13.7,91.75,17.43,21.15,26.66,94.09
2020,207,22.95,1.13,16.32,93.62,14.83,20.89,25.51,94.11
2020,208,22.15,0.61,2.09,93.0,17.48,20.69,24.41,94.37
2020,209,22.99,0.62,5.73,90.81,16.09,20.55,26.35,94.29
2020,210,23.15,0.8,17.54,92.25,19.75,21.33,26.4,94.11
2020,211,22.71,0.91,26.61,94.56,9.75,21.09,25.2,94.0
2020,212,22.83,0.97,25.69,95.94,14.44,21.28,24.77,94.0
2020,213,22.91,0.75,16.76,95.44,11.28,20.9,25.17,94.0
2020,214,22.51,0.82,13.98,92.75,12.53,20.99,24.8,94.09
2020,215,22.77,1.21,60.9,95.94,9.12,21.3,24.41,94.07
2020,216,22.92,1.3,45.57,95.31,7.27,21.35,24.31,94.01
2020,217,22.68,1.47,65.13,94.88,8.51,21.9,23.57,93.93
2020,218,22.65,1.77,69.19,96.0,6.19,21.49,23.48,93.78
2020,219,23.78,1.62,67.16,95.06,10.1,22.92,24.85,93.87
2020,220,23.35,1.37,89.49,94.62,7.22,21.67,24.59,94.16
2020,221,22.27,1.16,46.19,94.88,6.68,21.22,24.25,94.22
2020,222,22.3,0.91,56.66,95.19,6.57,20.94,24.31,94.17
2020,223,22.73,0.98,23.68,96.88,9.4,21.47,24.21,94.11
2020,224,22.73,0.8,9.47,94.0,9.83,21.3,24.83,94.3
2020,225,22.76,0.81,11.95,94.62,13.94,21.44,25.03,94.37
2020,226,22.62,0.75,5.0,94.5,15.85,21.11,25.26,94.23
2020,227,22.54,0.8,7.04,93.38,14.22,20.83,25.19,94.11
2020,228,22.95,0.99,9.38,92.5,14.22,21.08,25.9,94.14
2020,229,23.1,0.93,13.99,92.31,7.39,21.27,26.2,94.17
2020,230,22.92,0.9,19.67,93.25,11.88,20.99,25.77,94.11
2020,231,23.18,0.84,14.78,92.31,11.07,21.22,26.43,94.16
2020,232,22.96,0.77,6.32,92.69,15.25,20.98,25.94,94.09
2020,233,22.95,0.82,9.99,93.19,11.45,21.26,25.63,94.1
2020,234,23.26,0.7,10.53,92.44,14.46,21.45,26.08,94.23
2020,235,23.42,0.7,6.89,91.56,13.52,21.28,26.62,94.32
2020,236,23.35,0.62,2.69,90.69,17.06,21.08,26.93,94.28
2020,237,23.49,0.62,1.09,90.38,16.52,20.77,27.53,94.28
2020,238,23.55,0.64,0.66,89.38,21.06,20.76,27.74,94.35
2020,239,22.98,0.59,0.13,90.44,20.67,20.22,26.44,94.36
2020,240,22.87,0.6,1.33,90.44,20.1,20.66,26.0,94.29
2020,241,22.98,0.59,1.3,89.5,21.98,20.22,26.9,94.2
2020,242,23.4,0.64,5.11,89.44,18.03,20.55,27.5,94.19
2020,243,23.54,0.62,4.7,91.88,18.95,21.52,26.7,94.22
2020,244,23.44,0.55,7.46,91.81,17.68,21.1,26.83,94.26
2020,245,23.01,0.68,26.07,95.19,16.3,21.41,25.18,94.21
2020,246,23.37,0.77,32.52,94.62,15.18,22.3,25.42,94.07
2020,247,23.56,0.56,27.32,91.62,18.94,21.44,27.14,94.07
2020,248,24.26,0.45,10.16,89.69,20.04,21.41,28.56,94.04
2020,249,24.59,0.35,22.72,89.75,18.14,21.96,28.45,93.96
2020,250,23.61,0.69,14.43,92.69,15.46,21.89,26.53,93.97
2020,251,22.63,0.65,21.33,94.56,14.9,19.98,25.32,94.08
2020,252,23.71,0.55,7.12,91.06,16.3,20.66,27.48,94.13
2020,253,23.58,0.68,9.27,91.0,16.82,21.34,26.9,94.05
2020,254,22.99,0.54,53.49,93.12,11.35,20.63,26.09,93.87
2020,255,22.59,0.99,55.65,93.69,7.18,21.24,24.59,94.03
2020,256,21.36,0.72,14.71,94.62,6.76,18.81,23.55,94.29
2020,257,20.95,0.51,13.51,93.06,8.9,18.3,23.96,94.36
2020,258,21.88,0.69,6.87,90.81,16.31,19.3,25.41,94.27
2020,259,22.65,0.77,16.49,92.38,14.61,19.8,26.34,94.2
2020,260,23.06,0.74,8.64,92.75,14.24,21.55,25.87,94.22
2020,261,23.16,0.7,12.01,92.81,14.51,21.12,26.33,94.27
2020,262,22.61,0.84,19.35,92.38,13.05,20.85,25.38,94.2
2020,263,21.99,0.92,49.8,95.06,6.38,20.3,24.41,94.02
2020,264,21.91,1.07,34.66,95.31,7.29,20.4,23.48,94.01
2020,265,21.26,1.02,18.14,94.06,9.36,20.13,22.92,94.04
2020,266,21.48,0.9,6.55,92.0,11.51,19.9,23.65,94.15
2020,267,22.22,0.8,3.95,91.31,16.97,19.15,25.8,94.21
2020,268,22.08,0.42,1.73,90.06,13.38,19.86,24.93,94.37
2020,269,22.12,0.48,1.66,91.12,16.59,19.4,26.28,94.32
2020,270,21.69,0.54,2.2,92.38,9.91,19.69,24.54,94.32
2020,271,22.47,0.45,0.23,87.88,15.16,19.66,26.5,94.35
2020,272,22.73,0.59,3.85,88.94,19.52,19.51,26.98,94.32
2020,273,22.89,0.77,8.77,91.75,16.67,20.83,26.26,94.21
2020,274,22.46,0.67,1.97,90.94,17.85,20.51,25.63,94.18
2020,275,22.71,0.55,0.47,88.81,21.33,20.14,26.44,94.22
2020,276,22.51,0.55,6.56,89.12,21.2,19.5,26.96,94.23
2020,277,22.18,0.58,4.17,92.56,19.14,20.53,24.78,94.29
2020,278,22.07,0.56,1.21,92.0,14.9,20.3,25.1,94.39
2020,279,22.4,0.6,1.49,89.94,18.79,19.95,26.12,94.3
2020,280,23.23,0.59,2.35,90.0,19.57,20.03,27.77,94.22
2020,281,23.78,0.65,5.93,91.94,17.87,21.75,27.25,94.25
2020,282,23.86,0.45,8.57,92.0,17.64,21.69,27.08,94.2
2020,283,23.55,0.52,41.55,92.81,13.48,21.75,26.99,94.2
2020,284,22.58,0.5,40.37,94.12,13.08,21.01,25.23,94.23
2020,285,22.01,0.62,9.48,92.62,13.57,20.37,24.77,94.11
2020,286,22.4,0.89,41.47,93.69,8.62,20.49,25.34,93.91
2020,287,21.94,0.83,31.27,94.5,5.81,20.51,23.85,93.89
2020,288,21.89,0.88,14.62,93.94,7.52,20.49,23.86,93.99
2020,289,22.51,0.91,28.76,92.38,9.41,20.76,25.51,93.97
2020,290,22.52,0.59,7.62,90.81,19.01,20.38,26.11,94.0
2020,291,22.66,0.52,1.49,89.75,21.66,19.84,26.35,94.1
2020,292,22.75,0.43,6.59,89.38,18.79,20.48,26.36,94.17
2020,293,22.94,0.47,9.93,90.38,18.38,20.42,26.73,94.14
2020,294,22.9,0.59,4.22,92.69,14.15,20.86,26.25,94.11
2020,295,22.87,0.62,34.6,93.38,12.87,21.05,25.86,94.17
2020,296,23.05,0.51,11.86,91.56,11.66,20.83,26.83,94.14
2020,297,22.78,0.59,4.72,93.12,7.85,20.77,26.04,94.18
2020,298,22.65,0.58,4.13,91.19,18.76,20.03,26.32,94.29
2020,299,22.08,0.39,1.86,87.38,20.39,18.73,26.26,94.4
2020,300,23.53,0.3,0.47,87.25,20.7,19.86,28.23,94.38
2020,301,23.68,0.35,1.49,86.25,20.24,20.15,28.26,94.34
2020,302,23.32,0.45,0.3,84.38,21.29,19.68,27.88,94.4
2020,303,22.86,0.45,0.23,83.38,19.83,18.58,27.69,94.42
2020,304,23.15,0.39,0.09,83.94,19.53,19.26,27.7,94.38
2020,305,23.12,0.34,0.74,84.94,19.63,19.47,27.23,94.37
2020,306,23.5,0.39,0.81,86.19,16.98,20.45,27.83,94.45
2020,307,23.68,0.33,1.81,88.0,15.42,20.77,27.7,94.5
2020,308,23.9,0.24,1.81,88.94,12.6,21.13,27.64,94.47
2020,309,23.87,0.23,1.48,89.19,15.39,21.31,27.58,94.43
2020,310,22.9,0.3,9.1,93.06,16.08,21.6,24.95,94.45
2020,311,23.61,0.48,6.56,86.38,16.43,20.3,27.7,94.54
2020,312,23.64,0.41,0.52,86.38,19.87,19.65,27.77,94.58
2020,313,24.26,0.43,0.21,86.5,18.19,21.36,27.88,94.6
2020,314,23.62,0.42,0.05,85.06,20.08,20.55,27.81,94.52
2020,315,21.4,0.62,0.0,78.94,23.05,17.42,26.29,94.34
2020,316,20.9,0.63,0.01,81.06,22.63,15.1,26.88,94.37
2020,317,23.42,0.53,0.44,87.81,19.87,19.06,28.12,94.36
2020,318,23.84,0.41,4.87,89.38,17.94,21.15,27.55,94.37
2020,319,23.53,0.54,1.58,87.06,20.28,20.51,27.22,94.28
2020,320,24.24,0.55,2.35,86.0,16.79,20.48,28.65,94.23
2020,321,23.36,0.62,6.64,91.12,9.93,21.41,26.13,94.3
2020,322,22.93,0.66,2.96,90.69,14.44,20.4,26.53,94.25
2020,323,23.2,0.49,3.23,88.06,17.64,20.0,27.16,94.31
2020,324,23.24,0.52,1.29,88.12,19.15,20.51,27.25,94.35
2020,325,23.36,0.46,0.76,84.19,19.63,20.06,27.51,94.42
2020,326,21.82,0.52,0.38,79.94,22.09,17.87,26.67,94.49
2020,327,20.19,0.55,0.0,74.69,22.3,14.86,25.87,94.55
2020,328,19.91,0.62,0.0,75.94,18.4,14.27,25.77,94.55
2020,329,21.97,0.41,0.01,84.0,19.59,17.05,27.28,94.42
2020,330,22.92,0.52,0.07,85.31,19.01,19.32,27.44,94.3
2020,331,22.01,0.41,0.45,88.31,12.55,19.63,25.06,94.26
2020,332,21.87,0.45,0.28,86.69,19.81,17.62,26.66,94.36
2020,333,22.55,0.49,0.78,86.06,18.6,18.8,26.93,94.46
2020,334,23.02,0.5,0.2,83.38,16.96,19.15,27.2,94.53
2020,335,23.01,0.6,0.08,82.69,18.56,19.62,26.81,94.54
2020,336,21.76,0.64,0.01,80.19,21.33,17.71,26.34,94.57
2020,337,21.47,0.51,0.03,80.19,20.2,16.5,27.21,94.46
2020,338,22.25,0.53,0.26,84.5,13.05,17.8,27.08,94.35
2020,339,22.56,0.54,0.88,88.69,13.2,20.27,25.41,94.22
2020,340,23.17,0.57,0.14,83.06,15.35,19.15,27.53,94.27
2020,341,23.64,0.59,1.1,84.62,17.69,20.18,27.81,94.35
2020,342,23.44,0.57,5.66,87.81,15.26,20.24,27.38,94.47
2020,343,23.37,0.6,12.07,88.38,15.28,20.09,27.4,94.55
2020,344,23.33,0.48,3.57,86.06,19.17,20.26,27.37,94.49
2020,345,22.65,0.37,2.03,87.25,17.65,20.13,26.48,94.51
2020,346,21.93,0.35,1.68,83.69,19.7,18.04,26.51,94.53
2020,347,21.42,0.45,0.31,82.31,18.45,16.24,26.88,94.5
2020,348,21.81,0.4,0.04,82.94,18.21,16.82,26.98,94.41
2020,349,21.9,0.32,0.03,82.19,18.02,16.98,26.81,94.41
2020,350,21.08,0.55,0.0,77.75,20.39,16.55,26.01,94.52
2020,351,22.17,0.52,0.09,79.5,17.77,17.62,26.91,94.54
2020,352,22.85,0.49,0.29,83.5,13.99,19.26,27.09,94.53
2020,353,22.62,0.59,0.21,79.12,19.13,19.12,27.29,94.5
2020,354,22.06,0.67,0.0,79.06,19.8,17.73,27.21,94.54
2020,355,21.55,0.72,0.0,77.56,18.79,18.01,26.61,94.58
2020,356,20.28,0.65,0.0,75.25,19.28,15.4,26.04,94.48
2020,357,21.33,0.55,0.02,76.0,18.94,15.87,26.83,94.44
2020,358,22.34,0.38,2.2,81.12,17.81,18.15,27.18,94.39
2020,359,23.12,0.3,0.23,84.38,16.18,18.96,28.14,94.29
2020,360,23.47,0.31,0.19,81.12,17.15,19.8,28.11,94.35
2020,361,22.65,0.41,0.11,78.31,19.69,18.01,28.39,94.44
2020,362,21.42,0.49,0.01,72.75,21.1,16.14,28.19,94.44
2020,363,21.48,0.39,0.0,73.44,19.66,15.81,28.1,94.39
2020,364,22.08,0.41,0.0,69.81,20.11,16.44,28.41,94.35
2020,365,23.62,0.47,0.16,79.12,18.91,19.0,29.09,94.31
2020,366,24.04,0.59,1.38,79.94,15.29,20.23,29.15,94.36
2021,1,22.26,0.58,0.23,71.81,19.17,18.68,27.48,94.42
2021,2,22.22,0.59,0.0,71.81,19.63,16.69,28.8,94.43
2021,3,23.48,0.58,1.23,79.06,17.98,19.38,29.02,94.33
2021,4,23.45,0.47,1.95,82.12,13.33,19.79,28.84,94.32
2021,5,23.21,0.4,1.38,83.0,18.69,19.58,28.74,94.37
2021,6,23.14,0.47,23.61,86.38,13.88,20.25,27.72,94.36
2021,7,23.13,0.36,17.09,90.19,16.87,20.73,26.95,94.2
2021,8,22.3,0.34,8.34,94.5,10.98,20.87,24.2,94.16
2021,9,23.33,0.4,2.21,88.5,13.73,20.37,27.87,94.19
2021,10,23.59,0.31,3.66,85.19,17.4,20.44,28.14,94.3
2021,11,23.6,0.38,0.31,80.62,11.27,20.08,28.49,94.39
2021,12,22.25,0.6,0.23,78.31,10.88,19.02,25.67,94.4
2021,13,22.27,0.64,0.35,76.06,12.32,18.81,27.0,94.35
2021,14,22.9,0.59,0.67,77.56,17.17,18.32,28.31,94.31
2021,15,23.27,0.5,0.3,77.44,15.33,19.73,27.34,94.32
2021,16,23.7,0.43,0.09,76.88,18.25,19.63,29.34,94.26
2021,17,24.09,0.31,0.02,77.44,19.4,19.33,29.99,94.31
2021,18,23.43,0.43,0.05,71.88,21.16,18.5,29.84,94.41
2021,19,22.64,0.4,0.03,73.75,21.03,17.8,29.32,94.44
2021,20,22.49,0.49,0.0,70.88,21.82,16.37,29.81,94.49
2021,21,22.87,0.52,0.0,70.5,20.99,16.37,30.53,94.45
2021,22,23.7,0.42,0.0,70.19,20.8,17.58,30.72,94.39
2021,23,23.91,0.44,0.01,74.12,17.84,18.5,30.41,94.42
2021,24,23.98,0.39,0.04,70.88,19.84,19.2,30.53,94.48
2021,25,22.78,0.43,0.01,64.94,22.26,16.46,30.2,94.53
2021,26,22.75,0.53,0.0,63.38,21.65,15.98,30.56,94.47
2021,27,22.41,0.44,0.0,64.44,22.1,16.26,29.82,94.51
2021,28,22.33,0.47,0.0,61.94,22.46,15.62,30.0,94.51
2021,29,22.83,0.5,0.0,66.5,21.5,16.62,30.55,94.57
2021,30,24.01,0.45,0.0,70.88,19.16,18.28,30.87,94.49
2021,31,24.25,0.4,0.03,67.56,19.84,18.65,30.89,94.51
2021,32,23.55,0.52,0.03,58.81,21.85,17.55,31.26,94.62
2021,33,23.11,0.59,0.0,59.75,22.76,16.8,31.18,94.63
2021,34,23.84,0.5,0.0,64.88,20.68,17.09,31.3,94.58
2021,35,24.44,0.48,0.05,66.44,21.33,18.54,31.6,94.57
2021,36,24.15,0.46,0.02,69.0,21.58,19.36,31.01,94.51
2021,37,23.79,0.45,0.0,63.25,22.7,17.61,31.51,94.42
2021,38,22.81,0.51,0.0,52.81,23.75,15.9,31.56,94.46
2021,39,22.39,0.59,0.0,52.44,24.19,14.68,31.71,94.51
2021,40,22.58,0.52,0.0,55.31,23.4,15.44,31.65,94.47
2021,41,22.67,0.45,0.0,53.31,24.28,14.73,32.13,94.41
2021,42,22.65,0.41,0.0,52.44,24.02,14.56,31.84,94.36
2021,43,23.05,0.51,0.0,59.38,23.9,15.35,32.14,94.43
2021,44,23.79,0.51,0.0,62.75,22.98,17.46,31.94,94.52
2021,45,23.98,0.49,0.0,63.5,22.81,17.55,32.15,94.55
2021,46,24.53,0.5,0.07,70.88,22.79,19.15,31.89,94.45
2021,47,24.36,0.55,0.07,73.38,20.99,18.76,31.44,94.43
2021,48,24.79,0.52,0.12,72.19,20.77,19.89,31.66,94.36
2021,49,24.33,0.48,4.64,73.0,20.84,20.72,30.57,94.47
2021,50,23.37,0.53,3.69,74.5,16.25,19.59,29.26,94.5
2021,51,23.52,0.6,5.99,71.75,20.07,18.62,30.08,94.43
2021,52,21.57,0.63,1.86,79.62,17.08,18.62,25.26,94.55
2021,53,23.97,0.52,2.23,62.31,18.62,18.0,30.6,94.6
2021,54,24.78,0.47,1.56,69.31,22.99,18.8,32.05,94.48
2021,55,25.3,0.52,0.19,65.31,22.63,18.92,33.25,94.41
2021,56,25.55,0.5,0.13,65.5,23.39,19.1,33.54,94.43
2021,57,25.86,0.56,0.0,62.81,23.55,19.29,33.94,94.32
2021,58,25.99,0.47,0.0,62.69,22.37,19.3,34.07,94.23
2021,59,26.18,0.59,0.0,59.44,23.43,19.61,34.71,94.26
2021,60,25.72,0.5,0.0,58.94,23.23,19.12,34.02,94.53
2021,61,25.94,0.45,0.0,58.5,23.87,18.64,34.33,94.53
2021,62,26.03,0.51,0.0,53.56,24.83,19.05,34.81,94.4
2021,63,25.19,0.6,0.0,49.94,25.5,17.99,34.33,94.41
2021,64,25.51,0.52,0.0,53.5,26.08,17.65,35.02,94.56
2021,65,26.5,0.48,0.0,62.38,25.6,19.96,35.21,94.57
2021,66,26.63,0.42,0.03,59.56,25.3,20.04,35.28,94.44
2021,67,26.64,0.52,0.22,56.88,24.99,19.99,35.34,94.46
2021,68,26.64,0.52,0.27,53.62,25.37,19.98,35.17,94.51
2021,69,26.79,0.42,1.21,61.69,24.07,21.3,34.05,94.52
2021,70,24.5,0.41,5.47,77.94,17.4,21.51,29.52,94.55
2021,71,25.36,0.29,0.23,69.12,23.01,21.55,30.59,94.58
2021,72,26.08,0.45,0.01,55.31,25.02,18.57,34.94,94.54
2021,73,26.52,0.55,0.01,59.69,25.89,19.57,35.27,94.41
2021,74,26.7,0.44,0.02,60.25,23.87,21.15,34.03,94.36
2021,75,26.9,0.54,0.02,58.44,23.38,20.0,34.9,94.36
2021,76,27.25,0.48,0.06,54.69,24.0,21.12,35.31,94.27
2021,77,26.89,0.54,0.09,54.0,21.48,20.99,34.25,94.32
2021,78,27.09,0.36,0.11,55.75,23.13,21.38,34.76,94.29
2021,79,26.71,0.55,0.11,52.12,20.59,20.16,35.08,94.21
2021,80,27.43,0.51,0.22,59.94,23.73,21.29,35.08,94.18
2021,81,27.76,0.49,0.18,53.88,23.23,20.49,36.12,94.29
2021,82,28.23,0.45,0.13,57.44,24.39,21.48,36.5,94.33
2021,83,28.04,0.47,0.28,54.81,22.57,22.33,35.02,94.36
2021,84,27.21,0.32,0.34,63.69,19.52,23.4,32.76,94.34
2021,85,28.79,0.43,0.13,53.0,24.01,22.49,36.89,94.23
2021,86,28.58,0.55,0.34,52.94,24.19,23.12,36.18,94.22
2021,87,28.13,0.38,0.37,61.31,17.46,23.33,34.68,94.21
2021,88,28.05,0.44,1.21,62.12,19.45,22.72,35.33,94.21
2021,89,27.43,0.61,1.72,69.56,21.77,22.49,34.48,94.15
2021,90,27.74,0.67,0.33,69.69,19.26,23.42,35.32,94.08
2021,91,27.24,0.72,0.02,63.56,26.62,22.09,35.08,94.08
2021,92,27.13,0.7,0.0,57.94,26.73,20.47,35.71,94.12
2021,93,26.53,0.77,0.02,63.81,23.35,21.41,34.61,94.19
2021,94,27.76,0.72,0.05,56.5,24.54,21.26,36.44,94.27
2021,95,28.8,0.59,0.41,56.38,24.96,21.25,37.62,94.23
2021,96,29.4,0.49,0.36,53.69,22.26,23.53,37.51,94.27
2021,97,29.37,0.52,0.17,56.19,22.14,23.05,37.65,94.37
2021,98,28.51,0.44,0.12,58.62,17.89,23.1,36.31,94.24
2021,99,28.97,0.48,0.05,54.75,22.66,21.82,37.4,94.14
2021,100,29.02,0.51,0.11,52.56,22.58,22.74,36.69,94.24
2021,101,27.99,0.43,3.88,62.25,22.09,23.56,34.39,94.4
2021,102,27.23,0.41,7.79,70.19,18.26,23.01,33.79,94.46
2021,103,26.58,0.43,4.78,72.69,19.41,22.41,32.83,94.44
2021,104,25.58,0.33,10.9,78.81,21.12,22.87,29.94,94.41
2021,105,25.63,0.44,8.56,77.19,17.84,21.65,31.54,94.39
2021,106,26.08,0.46,2.99,75.69,22.92,21.63,32.42,94.34
2021,107,26.01,0.4,2.26,77.69,22.66,22.7,31.27,94.39
2021,108,26.32,0.41,5.91,77.06,19.08,22.92,32.3,94.5
2021,109,26.29,0.52,3.85,77.44,21.81,22.68,32.06,94.37
2021,110,25.98,0.41,1.66,77.06,11.1,22.38,31.99,94.28
2021,111,25.5,0.38,17.55,81.44,19.71,22.87,29.74,94.4
2021,112,26.03,0.43,0.78,76.31,17.96,21.73,31.87,94.38
2021,113,26.31,0.41,4.11,76.44,16.81,23.08,32.44,94.38
2021,114,26.94,0.37,2.57,73.31,24.0,22.0,33.59,94.29
2021,115,26.28,0.36,1.51,75.94,19.38,22.66,31.16,94.27
2021,116,27.26,0.33,0.46,72.75,21.78,23.28,32.78,94.24
2021,117,26.23,0.33,0.21,75.81,17.03,22.67,31.27,94.3
2021,118,26.57,0.35,0.38,74.75,19.58,23.15,31.46,94.38
2021,119,26.87,0.4,0.49,73.75,21.2,22.76,32.3,94.32
2021,120,27.47,0.36,0.58,70.81,22.52,22.62,33.5,94.18
2021,121,27.32,0.4,0.91,72.12,20.47,22.59,33.21,94.17
2021,122,26.25,0.27,3.56,78.31,20.89,23.54,30.33,94.23
2021,123,26.68,0.33,3.02,75.75,20.22,22.14,32.43,94.15
2021,124,26.44,0.32,2.31,80.62,16.98,23.64,31.3,94.14
2021,125,26.55,0.35,2.35,82.44,20.48,23.79,31.58,94.15
2021,126,26.75,0.38,2.93,78.44,19.07,23.08,32.48,94.21
2021,127,26.8,0.38,8.75,80.5,18.03,23.41,32.12,94.27
2021,128,27.15,0.33,4.27,76.0,21.23,23.3,33.06,94.19
2021,129,26.73,0.41,2.04,77.5,19.02,23.35,32.16,94.14
2021,130,26.27,0.41,2.79,82.88,17.15,23.36,31.4,94.14
2021,131,25.25,0.33,14.09,91.94,16.28,23.65,27.6,94.16
2021,132,25.13,0.34,15.24,93.12,17.42,23.37,27.36,94.07
2021,133,25.39,0.53,14.38,87.69,19.88,23.16,29.35,94.03
2021,134,24.42,1.08,46.66,86.19,14.36,21.71,28.74,93.81
2021,135,23.87,1.42,38.77,93.06,6.64,22.05,26.01,93.56
2021,136,24.46,1.26,27.82,90.75,9.31,22.78,26.95,93.82
2021,137,24.48,0.85,12.44,90.19,10.63,22.4,28.17,94.09
2021,138,24.77,0.8,13.19,90.44,13.63,22.35,28.65,94.13
2021,139,24.42,0.69,8.66,91.81,16.3,22.51,27.68,94.13
2021,140,23.91,0.55,7.0,89.38,15.64,22.0,27.0,94.21
2021,141,23.69,0.54,6.21,89.81,15.46,21.29,26.54,94.25
2021,142,23.65,0.48,3.05,90.25,18.01,21.03,26.4,94.22
2021,143,24.26,0.53,3.3,88.94,20.54,22.2,27.66,94.27
2021,144,23.88,0.56,1.07,86.88,22.25,20.55,27.69,94.32
2021,145,23.7,0.8,14.67,90.94,14.24,21.8,26.4,94.2
2021,146,22.31,0.68,12.9,88.69,17.67,19.91,25.43,94.25
2021,147,23.94,0.82,2.21,87.12,20.26,21.55,27.46,94.22
2021,148,24.23,0.65,3.81,87.44,21.1,21.63,28.05,94.28
2021,149,23.93,0.67,6.45,86.75,14.69,21.44,27.91,94.33
2021,150,23.38,0.68,5.01,88.31,16.85,20.8,26.97,94.3
2021,151,23.98,0.78,3.94,88.44,18.12,21.38,27.95,94.11
2021,152,24.76,0.77,3.63,89.75,18.82,21.93,28.76,94.05
2021,153,24.95,0.56,9.03,89.44,21.99,23.12,28.5,94.07
2021,154,25.16,0.36,18.37,89.19,18.63,23.0,28.68,94.16
2021,155,24.26,0.55,29.56,92.81,14.96,21.83,26.58,94.25
2021,156,23.4,0.59,5.12,86.0,15.15,20.51,27.51,94.28
2021,157,23.33,0.45,9.94,83.31,18.99,19.41,28.39,94.26
2021,158,23.73,0.55,0.57,85.88,23.06,20.44,28.44,94.32
2021,159,23.94,0.67,2.07,87.31,20.31,20.75,28.14,94.3
2021,160,24.1,0.8,4.58,88.88,19.18,21.61,27.44,94.21
2021,161,23.79,0.86,5.54,89.44,15.16,21.62,26.84,94.12
2021,162,23.46,0.7,4.9,91.5,16.46,21.65,26.07,94.19
2021,163,22.66,0.68,27.83,90.88,8.42,20.59,25.08,94.25
2021,164,22.4,0.79,25.61,89.44,8.19,19.51,25.39,94.21
2021,165,23.05,1.23,26.96,89.38,5.75,21.08,25.55,94.13
2021,166,23.19,1.2,48.86,91.81,10.55,21.33,25.12,94.07
2021,167,23.95,1.17,33.54,90.81,11.22,22.4,26.02,94.18
2021,168,24.0,1.16,22.86,90.94,13.82,22.48,26.5,94.26
2021,169,23.29,1.07,13.65,92.06,13.73,21.63,25.19,94.36
2021,170,23.62,1.09,23.77,91.06,12.62,22.08,26.43,94.45
2021,171,23.33,0.8,20.79,93.31,13.74,21.87,25.41,94.44
2021,172,23.68,0.73,9.63,91.94,15.02,21.92,26.44,94.36
2021,173,23.65,0.66,2.69,91.88,17.1,21.89,26.33,94.28
2021,174,23.8,0.68,2.43,90.5,18.63,21.64,26.94,94.26
2021,175,23.26,0.7,1.47,91.19,19.74,21.45,25.98,94.34
2021,176,22.8,0.63,1.21,92.38,20.3,21.02,25.33,94.25
2021,177,23.12,0.8,14.15,91.56,11.41,21.29,25.96,94.21
2021,178,22.2,0.67,2.07,85.06,16.78,19.37,26.42,94.31
2021,179,21.78,0.49,1.66,88.06,16.26,18.67,25.72,94.22
2021,180,23.65,0.59,0.54,87.75,21.54,20.02,28.4,94.15
2021,181,24.05,0.58,0.25,88.81,20.94,21.17,28.13,94.16
2021,182,24.01,0.71,5.27,92.62,14.35,21.72,27.23,94.07
2021,183,23.29,0.54,3.91,93.19,15.07,21.96,25.26,94.16
2021,184,23.35,0.64,2.5,91.25,14.54,20.97,26.65,94.21
2021,185,23.37,0.61,10.47,89.5,20.75,20.55,27.45,94.2
2021,186,22.9,0.66,4.68,88.25,17.8,20.78,26.41,94.13
2021,187,23.29,0.67,11.53,91.31,19.38,20.79,26.36,93.98
2021,188,22.73,0.68,11.95,95.19,16.58,21.57,24.38,93.98
2021,189,23.35,0.7,8.21,92.44,17.71,21.25,26.34,94.09
2021,190,22.58,0.91,28.54,94.62,9.92,21.15,24.25,93.93
2021,191,21.95,1.03,32.45,91.19,10.72,20.3,25.15,93.94
2021,192,21.73,0.94,23.64,91.75,10.88,19.56,24.1,93.96
2021,193,22.8,1.09,32.32,92.81,10.26,21.0,25.01,93.97
2021,194,23.11,1.2,25.13,93.0,8.87,21.9,25.15,94.01
2021,195,23.02,1.22,31.0,93.12,5.68,21.94,25.26,94.07
2021,196,22.92,1.09,43.08,94.94,4.7,21.82,24.55,94.04
2021,197,23.15,1.08,48.36,93.06,10.62,21.73,25.43,94.2
2021,198,23.08,1.02,30.27,92.81,10.81,21.01,25.72,94.24
2021,199,22.83,1.09,44.31,96.25,4.89,21.83,24.04,94.16
2021,200,23.05,1.05,17.93,93.81,12.89,21.64,25.2,94.2
2021,201,22.91,1.16,10.14,92.69,15.09,20.98,25.48,94.41
2021,202,23.03,1.16,28.5,93.44,8.65,21.4,25.58,94.36
2021,203,22.45,1.25,36.14,95.56,7.04,21.3,23.48,94.14
2021,204,22.87,1.23,32.1,93.75,9.4,21.0,25.38,94.03
2021,205,23.23,1.08,29.73,93.94,11.88,21.94,25.65,94.12
2021,206,22.86,0.95,23.65,93.44,14.87,21.41,25.04,94.28
2021,207,22.67,0.85,15.15,94.19,12.83,21.39,24.66,94.3
2021,208,22.99,0.93,6.53,92.62,17.41,20.98,25.77,94.22
2021,209,22.89,0.84,2.51,92.5,17.86,21.23,25.36,94.29
2021,210,22.91,0.96,4.87,91.88,16.73,20.76,26.13,94.33
2021,211,22.72,0.97,10.2,93.12,16.68,20.93,25.51,94.41
2021,212,22.83,0.91,6.02,92.94,16.83,20.94,25.4,94.44
2021,213,22.8,0.92,5.3,92.0,16.86,20.96,25.75,94.36
2021,214,22.63,0.94,4.49,90.75,16.01,20.26,26.05,94.37
2021,215,23.05,0.95,10.28,91.19,12.36,20.59,26.19,94.48
2021,216,23.17,1.05,8.89,91.5,12.08,21.11,26.2,94.53
2021,217,23.26,1.12,8.1,91.25,11.49,20.93,26.43,94.36
2021,218,23.55,1.08,12.52,91.44,13.55,21.23,26.75,94.26
2021,219,23.54,1.02,17.48,93.06,9.39,21.99,25.78,94.28
2021,220,23.24,0.73,6.8,92.12,17.41,21.31,26.72,94.29
2021,221,22.94,0.73,3.68,92.0,15.05,20.87,26.55,94.33
2021,222,22.3,0.75,10.72,95.56,12.2,20.69,24.57,94.28
2021,223,22.76,0.8,4.93,92.0,14.59,20.87,25.82,94.28
2021,224,22.24,0.68,6.85,93.62,13.67,20.9,24.2,94.39
2021,225,23.05,0.84,11.46,91.62,11.16,20.93,26.28,94.27
2021,226,22.64,0.82,7.65,92.38,10.31,20.76,25.56,94.19
2021,227,22.44,0.78,4.12,93.12,13.95,20.94,24.77,94.22
2021,228,22.88,0.78,6.42,90.75,14.66,20.73,26.14,94.27
2021,229,23.05,0.68,1.73,89.81,12.99,20.53,26.52,94.3
2021,230,21.81,0.73,8.81,90.0,15.49,19.51,25.19,94.24
2021,231,21.44,0.6,6.6,88.94,13.58,18.36,25.32,94.21
2021,232,21.88,0.41,0.65,89.19,15.53,19.76,24.78,94.22
2021,233,22.65,0.46,13.78,86.12,18.07,19.15,26.87,94.3
2021,234,23.03,0.48,2.16,84.88,18.41,19.19,28.02,94.25
2021,235,23.15,0.48,4.35,88.06,18.31,20.61,27.05,94.25
2021,236,23.16,0.59,3.37,88.12,18.18,19.91,27.46,94.26
2021,237,23.62,0.54,3.49,89.06,20.13,20.39,28.05,94.15
2021,238,23.58,0.55,14.34,90.06,16.45,20.98,27.4,94.03
2021,239,23.22,0.8,20.28,94.0,11.97,21.52,25.7,94.01
2021,240,22.76,0.8,18.57,93.31,11.34,21.43,24.4,93.98
2021,241,22.23,0.78,24.88,94.31,11.12,20.42,23.9,93.99
2021,242,22.69,0.83,7.8,91.25,13.13,20.22,25.94,94.04
2021,243,23.15,0.62,2.63,89.88,16.57,20.89,26.55,94.1
2021,244,23.22,0.67,2.95,90.38,17.06,20.79,26.7,94.24
2021,245,22.87,0.73,12.79,93.56,13.14,21.19,25.98,94.21
2021,246,22.28,0.49,28.31,91.31,14.33,20.24,25.7,94.21
2021,247,22.79,0.73,24.15,92.81,12.43,20.7,25.87,94.21
2021,248,22.62,0.8,14.67,92.38,11.77,20.62,25.58,94.23
2021,249,21.9,0.7,24.26,93.31,11.6,20.75,23.86,94.24
2021,250,22.52,0.8,12.45,93.12,9.29,20.69,24.87,94.19
2021,251,22.84,0.94,18.17,92.44,15.67,20.91,25.58,94.27
2021,252,22.71,0.78,4.72,92.44,16.7,20.48,26.02,94.37
2021,253,22.69,0.76,3.82,92.0,17.37,20.47,26.13,94.36
2021,254,22.59,0.82,15.61,93.5,12.23,20.9,25.15,94.25
2021,255,23.16,1.05,28.95,92.56,13.72,21.52,25.79,94.17
2021,256,23.11,1.1,24.43,93.38,11.52,21.54,25.56,94.1
2021,257,23.27,0.8,7.54,92.38,15.76,21.5,26.33,94.14
2021,258,23.21,0.72,4.4,92.06,16.04,21.0,26.79,94.21
2021,259,23.31,0.74,2.28,91.25,15.21,21.22,26.69,94.19
2021,260,23.38,0.59,0.44,89.44,19.8,20.77,27.21,94.15
2021,261,23.59,0.54,0.19,88.19,20.73,20.15,28.16,94.25
2021,262,23.87,0.5,0.2,87.0,22.76,20.23,28.45,94.38
2021,263,23.48,0.5,0.31,89.88,21.32,21.09,26.8,94.34
2021,264,23.43,0.64,3.43,89.88,20.76,21.08,27.33,94.27
2021,265,23.21,0.66,4.84,90.81,16.66,20.65,26.98,94.12
2021,266,23.36,0.64,2.03,90.25,17.08,20.84,26.84,94.15
2021,267,23.58,0.62,3.54,90.12,16.32,21.14,27.51,94.2
2021,268,23.44,0.59,1.74,90.25,17.97,21.16,27.19,94.17
2021,269,22.75,0.52,2.42,91.44,18.02,20.97,25.76,94.03
2021,270,22.93,0.85,12.77,91.25,12.11,21.02,26.25,93.95
2021,271,22.8,0.87,14.16,91.31,16.12,21.06,25.6,94.11
2021,272,22.72,0.54,5.55,88.94,16.33,20.67,26.1,94.26
2021,273,23.36,0.52,10.78,89.81,19.41,20.12,27.55,94.3
2021,274,24.26,0.46,11.74,89.75,19.42,21.31,28.49,94.21
2021,275,23.97,0.4,41.57,93.88,20.19,22.36,26.72,94.13
2021,276,24.33,0.41,14.65,89.38,18.15,21.83,28.22,94.13
2021,277,24.67,0.32,6.01,88.5,16.79,21.64,28.96,94.08
2021,278,24.69,0.34,17.13,89.19,20.71,22.19,28.46,94.06
2021,279,23.41,0.47,16.33,93.19,12.15,21.77,25.9,94.0
2021,280,23.82,0.5,3.53,90.56,19.27,21.33,27.62,94.05
2021,281,23.74,0.55,8.95,92.5,17.46,21.6,27.16,94.16
2021,282,23.69,0.53,10.46,92.62,16.23,21.94,26.83,94.3
2021,283,23.23,0.47,12.17,92.44,18.43,21.18,26.34,94.27
2021,284,23.08,0.52,36.57,91.69,15.66,20.94,26.64,94.12
2021,285,22.52,0.64,57.34,93.75,11.32,20.91,25.23,94.15
2021,286,22.94,0.52,6.68,91.44,12.44,20.93,25.9,94.1
2021,287,23.61,0.58,9.49,92.06,18.17,20.89,27.14,93.96
2021,288,23.83,0.38,11.64,92.94,15.25,21.52,26.95,93.7
2021,289,23.86,0.56,48.69,95.12,15.19,22.35,26.65,93.63
2021,290,23.06,0.59,10.89,96.19,11.44,21.77,24.88,93.95
2021,291,23.09,0.63,3.9,93.12,13.09,21.52,26.05,94.2
2021,292,22.86,0.48,0.54,89.5,20.73,20.56,25.98,94.41
2021,293,23.75,0.49,32.67,90.31,16.93,20.3,28.08,94.47
2021,294,23.51,0.31,21.26,90.06,17.48,21.16,26.54,94.51
2021,295,24.17,0.32,16.7,90.12,19.19,21.83,27.47,94.51
2021,296,23.15,0.42,13.16,94.31,9.84,21.55,24.98,94.61
2021,297,23.12,0.45,11.21,89.88,18.5,20.52,27.11,94.61
2021,298,23.2,0.42,15.37,90.81,17.87,19.79,27.51,94.4
2021,299,23.67,0.31,8.2,90.25,7.87,21.58,27.18,94.29
2021,300,23.37,0.37,13.17,90.25,15.53,20.87,27.08,94.33
2021,301,23.56,0.25,2.79,88.25,17.97,20.53,27.73,94.34
2021,302,22.73,0.42,5.04,88.31,17.88,20.11,25.33,94.45
2021,303,23.51,0.44,18.92,90.94,16.65,20.35,27.33,94.48
2021,304,23.55,0.28,6.23,88.69,16.89,21.18,26.6,94.46
2021,305,23.38,0.39,22.42,89.62,12.45,21.05,26.69,94.34
2021,306,22.92,0.56,17.27,91.88,13.54,20.71,25.86,94.27
2021,307,22.89,0.45,24.1,94.31,13.98,20.65,25.72,94.32
2021,308,23.26,0.38,18.45,92.88,13.3,20.94,26.33,94.31
2021,309,22.99,0.54,20.93,94.62,14.2,21.04,25.71,94.31
2021,310,22.85,0.44,9.67,89.38,14.86,19.58,27.26,94.27
2021,311,22.29,0.25,1.48,90.44,15.93,20.19,24.52,94.26
2021,312,21.33,0.27,2.32,93.31,12.33,19.9,22.89,94.35
2021,313,22.57,0.25,1.1,90.0,13.51,20.12,26.5,94.37
2021,314,22.52,0.27,0.39,88.62,15.1,20.59,26.05,94.31
2021,315,21.84,0.34,2.2,89.06,10.11,20.05,24.14,94.14
2021,316,20.97,0.42,9.38,94.56,8.65,19.05,23.15,94.06
2021,317,22.48,0.4,9.04,93.06,9.96,20.19,26.1,94.12
2021,318,23.22,0.52,25.07,95.75,9.14,20.79,26.16,94.07
2021,319,22.94,0.7,52.68,96.69,12.1,22.01,24.59,93.99
2021,320,22.77,0.45,10.41,96.0,11.68,21.44,24.89,94.01
2021,321,23.12,0.56,10.89,93.81,16.47,21.06,26.12,94.24
2021,322,23.1,0.35,16.09,91.19,12.34,21.27,26.39,94.17
2021,323,21.78,0.54,28.31,97.12,11.21,19.83,23.43,93.9
2021,324,22.59,0.68,13.66,96.88,7.94,21.02,24.58,93.93
2021,325,22.83,0.48,7.09,92.12,12.64,20.36,26.62,94.24
2021,326,23.31,0.34,9.23,91.12,13.43,20.5,27.02,94.36
2021,327,23.83,0.3,3.32,90.88,17.17,20.98,27.62,94.33
2021,328,23.81,0.31,2.49,88.5,17.15,21.41,27.23,94.31
2021,329,23.3,0.5,1.54,87.12,15.63,20.66,26.84,94.33
2021,330,22.8,0.48,0.15,86.69,15.39,19.69,26.3,94.36
2021,331,22.59,0.48,0.4,88.0,16.9,19.78,25.33,94.35
2021,332,22.37,0.57,2.05,88.75,12.65,19.7,25.71,94.34
2021,333,21.94,0.77,2.95,89.44,14.77,19.78,25.11,94.36
2021,334,22.28,0.66,5.7,90.19,15.17,18.96,26.56,94.39
2021,335,23.13,0.56,2.12,90.31,18.77,19.99,27.29,94.37
2021,336,23.48,0.38,1.47,90.88,16.62,21.13,27.02,94.37
2021,337,23.15,0.33,0.97,91.62,17.51,21.52,25.95,94.44
2021,338,23.29,0.32,0.34,87.94,17.13,21.23,26.73,94.49
2021,339,23.09,0.46,0.05,88.0,18.37,19.65,27.35,94.5
2021,340,22.55,0.47,0.0,89.31,19.08,19.51,26.0,94.45
2021,341,22.66,0.4,0.03,86.56,18.4,19.26,26.32,94.42
2021,342,23.06,0.41,0.18,83.56,17.93,20.02,27.18,94.46
2021,343,22.83,0.48,3.19,86.31,17.48,18.72,27.2,94.54
2021,344,22.18,0.69,8.05,85.56,15.92,18.8,26.37,94.57
2021,345,22.19,0.62,0.67,86.19,18.47,17.81,27.01,94.55
2021,346,22.55,0.68,0.16,85.5,19.32,19.41,26.8,94.55
2021,347,22.94,0.5,0.07,83.81,18.79,19.54,27.11,94.47
2021,348,21.71,0.7,0.14,86.38,15.72,19.73,24.48,94.42
2021,349,21.36,0.55,0.31,86.56,15.89,18.98,24.7,94.48
2021,350,21.86,0.59,0.22,83.62,18.01,18.37,26.31,94.57
2021,351,22.25,0.45,0.01,82.0,18.65,18.01,27.12,94.62
2021,352,20.51,0.59,0.0,83.19,19.13,17.23,24.99,94.57
2021,353,19.57,0.65,0.0,79.06,19.0,15.33,25.48,94.66
2021,354,19.23,0.63,0.0,78.31,20.42,14.44,25.08,94.65
2021,355,20.22,0.57,0.0,82.0,20.22,14.93,26.06,94.73
2021,356,20.78,0.41,0.0,82.69,18.93,15.42,26.19,94.6
2021,357,21.01,0.31,0.0,81.31,17.99,16.4,26.04,94.54
2021,358,21.06,0.32,0.0,79.25,17.98,15.62,26.19,94.57
2021,359,21.33,0.4,0.0,78.56,19.19,15.92,26.64,94.59
2021,360,21.12,0.37,0.0,80.81,19.61,15.98,26.72,94.69
2021,361,20.82,0.44,0.01,80.5,19.52,16.45,25.95,94.71
2021,362,20.24,0.55,0.02,79.94,20.9,15.79,25.51,94.66
2021,363,20.47,0.47,0.0,80.25,20.5,15.58,26.05,94.58
2021,364,21.09,0.59,0.01,81.06,21.22,16.1,26.44,94.64
2021,365,22.29,0.73,0.27,84.31,17.43,18.62,26.94,94.67
2022,1,22.88,0.61,0.6,83.19,17.63,19.26,27.26,94.71
2022,2,22.58,0.66,0.15,81.62,20.93,18.98,27.1,94.61
2022,3,21.94,0.55,0.02,79.25,20.55,18.4,27.01,94.61
2022,4,21.38,0.57,0.01,78.94,20.48,16.65,26.77,94.62
2022,5,21.49,0.45,0.02,80.81,19.45,16.74,26.77,94.64
2022,6,21.71,0.43,0.0,79.19,20.26,16.59,27.14,94.55
2022,7,21.99,0.38,0.01,85.0,16.69,18.37,27.01,94.57
2022,8,22.37,0.36,0.01,84.94,18.02,18.55,27.25,94.61
2022,9,21.99,0.48,0.0,85.69,19.2,18.23,26.9,94.49
2022,10,21.95,0.49,0.0,84.94,19.19,17.51,26.93,94.48
2022,11,21.69,0.42,0.0,84.75,20.48,17.12,27.45,94.52
2022,12,21.29,0.55,0.0,85.38,19.73,18.03,26.37,94.5
2022,13,20.26,0.54,0.0,84.81,21.01,16.58,25.69,94.49
2022,14,20.05,0.58,0.0,83.75,21.72,14.91,26.1,94.47
2022,15,21.45,0.55,0.0,80.31,21.73,16.1,27.65,94.5
2022,16,22.39,0.37,0.13,78.5,19.87,16.83,28.19,94.55
2022,17,22.67,0.45,0.51,80.25,16.77,19.35,27.37,94.7
2022,18,22.51,0.47,0.06,76.69,20.44,18.33,27.69,94.65
2022,19,21.8,0.48,0.01,75.25,20.51,17.38,27.81,94.53
2022,20,21.05,0.52,0.0,71.69,21.76,14.93,27.9,94.43
2022,21,21.42,0.53,0.0,78.06,22.03,15.47,28.53,94.47
2022,22,21.56,0.54,0.0,82.69,21.66,17.72,27.48,94.39
2022,23,20.19,0.65,0.0,80.56,21.95,15.73,26.35,94.37
2022,24,19.51,0.58,0.0,79.19,22.74,13.9,26.36,94.32
2022,25,19.62,0.54,0.0,77.0,21.86,14.24,26.56,94.3
2022,26,20.57,0.55,0.02,79.56,20.26,15.08,27.18,94.3
2022,27,22.39,0.23,0.3,80.69,20.5,18.11,27.63,94.28
2022,28,22.95,0.61,0.1,74.19,19.94,19.08,28.33,94.38
2022,29,23.05,0.55,0.01,73.88,20.32,17.7,29.38,94.5
2022,30,23.89,0.47,0.0,76.12,21.02,19.23,30.01,94.46
2022,31,23.83,0.47,0.01,76.62,21.18,18.41,30.44,94.39
2022,32,23.95,0.45,0.0,75.94,21.22,18.4,30.86,94.33
2022,33,24.1,0.5,0.0,77.12,19.5,19.32,30.63,94.41
2022,34,23.53,0.47,0.01,77.62,20.18,19.73,29.57,94.43
2022,35,21.8,0.63,0.0,73.44,23.64,17.54,28.36,94.35
2022,36,21.52,0.68,0.0,71.12,24.22,14.4,29.41,94.34
2022,37,22.3,0.56,0.0,77.62,19.24,16.75,29.23,94.55
2022,38,23.43,0.46,0.0,75.31,21.52,17.88,30.48,94.58
2022,39,23.8,0.48,0.0,74.69,20.29,18.87,30.76,94.47
2022,40,23.8,0.44,0.01,73.0,19.82,18.12,30.74,94.4
2022,41,23.83,0.36,0.02,66.88,20.77,17.87,31.0,94.38
2022,42,23.54,0.53,0.0,56.69,22.73,16.29,31.86,94.33
2022,43,24.06,0.5,0.01,63.31,22.95,17.25,31.72,94.34
2022,44,24.09,0.48,0.03,68.38,22.47,18.3,30.93,94.24
2022,45,24.12,0.48,0.07,69.62,21.23,18.06,31.1,94.25
2022,46,23.65,0.48,0.03,72.81,17.07,18.94,30.11,94.29
2022,47,23.98,0.49,0.1,73.44,16.57,18.84,30.65,94.14
2022,48,23.42,0.32,0.29,75.5,19.16,20.37,28.09,94.06
2022,49,24.58,0.41,0.09,68.75,20.32,19.33,31.44,94.17
2022,50,25.03,0.52,0.01,60.81,23.31,18.91,32.66,94.38
2022,51,24.83,0.52,0.0,66.12,23.15,18.54,33.01,94.38
2022,52,25.14,0.53,0.0,67.5,23.7,20.15,32.74,94.31
2022,53,25.28,0.45,0.0,65.06,22.74,19.29,33.23,94.38
2022,54,25.29,0.5,0.0,61.0,21.54,19.26,32.89,94.55
2022,55,24.55,0.52,0.01,61.5,24.02,17.73,32.83,94.66
2022,56,24.84,0.39,0.02,60.62,24.97,18.79,33.4,94.56
2022,57,24.15,0.59,0.01,48.75,25.04,16.19,33.4,94.54
2022,58,24.48,0.58,0.01,59.56,24.8,17.52,32.91,94.55
2022,59,24.87,0.54,0.02,60.19,24.45,18.45,32.76,94.52
2022,60,25.19,0.48,0.02,59.38,23.1,18.3,33.17,94.52
2022,61,25.19,0.5,0.01,47.0,23.72,17.83,33.69,94.47
2022,62,24.83,0.52,0.0,43.06,26.4,16.73,34.19,94.41
2022,63,25.62,0.55,0.0,41.38,26.05,17.73,35.04,94.41
2022,64,25.69,0.57,0.0,46.06,25.79,17.48,34.81,94.38
2022,65,26.33,0.55,0.01,52.12,25.14,18.9,34.48,94.32
2022,66,26.34,0.53,0.02,52.31,23.71,19.26,34.12,94.32
2022,67,26.48,0.56,0.05,59.44,22.32,20.37,34.33,94.37
2022,68,27.05,0.5,0.1,61.19,23.36,20.98,34.91,94.32
2022,69,26.95,0.54,0.06,54.19,23.0,20.23,35.15,94.3
2022,70,26.78,0.53,0.04,50.44,24.78,19.66,35.05,94.26
2022,71,26.32,0.49,0.02,47.44,24.39,19.88,35.14,94.2
2022,72,26.15,0.61,0.02,46.38,24.84,19.49,34.01,94.24
2022,73,26.12,0.51,0.03,49.69,23.46,19.56,33.59,94.3
2022,74,27.19,0.53,0.05,56.62,22.75,20.83,35.7,94.24
2022,75,27.49,0.46,0.03,58.5,21.98,21.46,35.85,94.15
2022,76,27.51,0.47,0.08,56.56,20.87,20.37,36.3,94.14
2022,77,26.96,0.59,0.33,65.44,20.13,21.75,34.57,94.15
2022,78,26.12,0.66,1.39,70.06,16.75,21.65,32.72,94.17
2022,79,25.4,0.65,1.24,73.31,17.88,21.53,31.62,94.16
2022,80,25.8,0.62,2.58,71.06,22.11,20.94,33.04,94.22
2022,81,25.38,0.51,4.01,78.69,15.98,22.23,31.14,94.21
2022,82,26.19,0.52,5.74,77.69,17.23,22.15,32.73,94.13
2022,83,25.37,0.41,8.62,79.19,14.79,22.19,31.13,94.19
2022,84,26.01,0.49,1.14,75.0,15.93,21.42,32.99,94.23
2022,85,26.53,0.56,0.91,74.81,19.48,21.96,33.34,94.4
2022,86,27.47,0.54,0.5,70.69,19.94,22.44,34.7,94.41
2022,87,28.05,0.52,0.2,68.25,22.38,22.66,35.9,94.37
2022,88,27.59,0.5,0.43,70.31,19.32,22.9,34.87,94.29
2022,89,27.53,0.48,0.46,70.12,22.23,22.67,34.82,94.26
2022,90,27.4,0.49,0.32,70.31,19.92,22.92,33.88,94.29
2022,91,26.98,0.53,1.12,73.06,17.83,22.94,33.93,94.29
2022,92,26.83,0.44,4.51,71.88,18.86,22.57,33.9,94.37
2022,93,27.58,0.43,0.73,65.56,21.97,21.43,36.23,94.28
2022,94,28.1,0.41,0.33,62.94,22.41,21.73,36.43,94.32
2022,95,27.51,0.37,1.71,63.69,21.28,22.11,34.3,94.5
2022,96,26.79,0.38,1.11,66.38,19.85,21.76,34.04,94.52
2022,97,27.38,0.34,0.34,65.75,21.53,22.42,34.58,94.39
2022,98,27.1,0.37,2.31,67.88,20.16,22.16,34.46,94.32
2022,99,26.25,0.44,5.62,78.06,17.37,22.79,32.93,94.25
2022,100,25.45,0.47,2.6,80.75,19.34,22.25,30.85,94.23
2022,101,27.23,0.42,0.79,69.94,18.2,22.44,34.6,94.14
2022,102,26.45,0.41,1.46,74.75,13.19,23.27,31.98,94.09
2022,103,25.27,0.29,7.14,82.5,10.26,22.62,29.58,94.07
2022,104,24.44,0.43,5.94,75.31,13.23,21.46,29.51,94.16
2022,105,25.98,0.47,0.31,68.69,21.61,19.85,33.53,94.13
2022,106,26.52,0.54,2.89,75.25,23.67,22.44,33.29,94.09
2022,107,26.25,0.55,4.66,77.44,23.54,22.23,33.14,94.16
2022,108,25.98,0.41,5.2,78.19,23.05,22.65,31.73,94.32
2022,109,24.98,0.43,5.12,83.81,20.65,22.54,28.41,94.44
2022,110,27.06,0.47,0.12,70.75,25.06,20.9,34.75,94.21
2022,111,26.91,0.28,0.72,73.94,24.12,23.54,31.69,94.12
2022,112,26.98,0.26,1.3,72.31,23.05,22.81,32.9,94.19
2022,113,25.6,0.37,2.53,78.88,17.09,22.88,29.4,94.28
2022,114,27.19,0.45,1.48,69.81,20.59,21.6,34.2,94.17
2022,115,26.9,0.41,1.41,74.94,22.66,23.45,32.62,94.14
2022,116,27.6,0.44,0.75,71.25,24.03,23.31,34.29,94.14
2022,117,28.62,0.39,0.45,66.81,24.34,23.14,35.89,94.12
2022,118,27.24,0.47,0.83,75.0,21.82,24.37,32.18,94.23
2022,119,27.52,0.52,2.73,73.12,21.93,23.25,34.12,94.24
2022,120,26.91,0.59,2.76,76.75,21.18,23.28,32.8,94.18
2022,121,26.29,0.56,3.18,78.88,15.61,23.08,31.75,94.09
2022,122,26.68,0.62,1.3,75.19,22.07,22.64,33.12,94.06
2022,123,27.09,0.54,8.16,75.5,21.52,23.25,33.81,94.1
2022,124,26.58,0.48,2.6,80.0,15.93,23.4,31.86,94.18
2022,125,24.46,0.54,11.44,85.94,17.12,22.64,26.82,94.21
2022,126,26.0,0.51,1.88,78.81,18.28,22.13,32.07,94.11
2022,127,25.75,0.54,2.65,80.94,20.07,22.97,30.94,94.1
2022,128,26.85,0.63,2.76,75.5,18.35,22.55,33.76,93.94
2022,129,26.11,0.8,4.86,83.0,11.24,23.46,31.29,93.88
2022,130,25.74,1.05,3.18,80.19,13.24,22.99,30.38,93.9
2022,131,24.51,0.88,7.86,84.25,6.36,22.15,28.47,94.02
2022,132,23.41,0.88,10.93,87.44,6.64,21.58,27.01,94.07
2022,133,22.73,0.67,12.26,89.75,12.33,20.26,26.0,94.02
2022,134,23.48,0.74,9.92,92.12,13.44,21.86,26.0,93.99
2022,135,23.56,0.72,11.76,93.69,14.24,21.52,26.44,94.08
2022,136,23.9,0.74,34.13,90.44,9.42,21.97,26.95,94.08
2022,137,24.23,0.62,36.14,85.69,8.77,21.32,29.23,93.97
2022,138,23.76,0.55,44.28,91.0,5.84,20.48,27.62,93.89
2022,139,22.74,0.87,40.84,92.5,5.56,20.56,24.25,94.11
2022,140,21.76,0.6,8.17,89.5,13.15,19.85,24.75,94.25
2022,141,22.69,0.56,7.19,86.0,17.97,18.92,27.0,94.22
2022,142,23.76,0.7,3.5,89.0,7.31,21.33,27.38,94.1
2022,143,24.68,0.72,4.63,89.69,20.21,21.85,28.55,93.98
2022,144,25.17,0.65,1.11,88.75,21.56,22.18,29.1,94.17
2022,145,25.55,0.52,7.65,86.81,22.51,22.08,29.95,94.26
2022,146,24.48,0.59,3.89,90.25,21.21,22.67,27.31,94.35
2022,147,23.98,0.61,3.13,90.19,21.75,22.16,27.05,94.32
2022,148,23.91,0.62,2.35,87.56,20.0,21.4,27.62,94.25
2022,149,23.93,0.57,2.27,85.06,24.43,20.44,28.65,94.22
2022,150,24.15,0.66,6.45,85.62,20.84,20.86,28.61,94.17
2022,151,24.23,0.72,12.06,87.25,18.71,21.37,28.49,94.08
2022,152,23.82,0.57,4.6,87.81,17.32,21.53,27.56,94.08
2022,153,22.96,0.72,1.56,92.31,18.88,21.01,25.98,94.08
2022,154,23.71,0.65,10.36,89.56,21.81,20.28,28.08,94.07
2022,155,24.9,0.53,3.37,84.25,22.42,20.73,30.33,94.04
2022,156,24.49,0.52,6.03,89.19,19.1,22.22,27.47,94.06
2022,157,24.65,0.48,4.52,86.94,17.6,22.06,29.49,94.05
2022,158,24.35,0.5,5.02,85.12,14.03,21.3,28.94,94.14
2022,159,23.88,0.66,1.27,88.62,16.71,21.4,27.43,94.19
2022,160,23.75,0.73,1.49,87.31,23.67,21.41,27.31,94.16
2022,161,23.63,0.83,6.34,87.19,18.26,21.21,27.54,94.2
2022,162,23.44,0.63,6.68,85.06,16.31,20.6,27.81,94.27
2022,163,22.56,0.52,10.23,84.75,10.47,19.42,26.87,94.23
2022,164,22.97,0.57,15.16,89.12,18.65,19.73,26.73,94.27
2022,165,23.44,0.66,9.64,87.38,21.41,21.01,27.36,94.25
2022,166,23.01,0.51,9.56,89.94,14.54,20.9,25.59,94.16
2022,167,23.42,0.66,10.35,89.19,18.7,21.12,27.73,94.11
2022,168,22.77,0.48,5.27,86.69,18.45,20.15,26.17,94.13
2022,169,22.7,0.59,12.95,89.25,16.52,20.2,26.43,94.15
2022,170,22.85,0.62,5.29,88.12,15.22,20.49,26.69,94.2
2022,171,22.87,0.58,13.47,87.25,16.26,19.68,26.34,94.13
2022,172,23.15,0.7,15.89,90.44,11.15,21.44,26.27,94.02
2022,173,23.02,0.72,12.44,89.62,10.09,20.83,26.51,94.1
2022,174,22.94,0.66,9.77,88.5,11.84,21.0,25.98,94.2
2022,175,22.8,0.95,20.63,91.94,15.5,20.82,25.38,94.16
2022,176,23.06,0.95,14.5,90.31,12.02,21.03,26.28,93.99
2022,177,23.55,1.06,5.76,90.88,17.58,22.03,25.89,94.03
2022,178,23.69,0.89,8.51,89.94,16.35,21.6,27.12,94.16
2022,179,23.57,0.78,18.17,90.38,12.07,21.52,26.65,94.17
2022,180,23.62,0.86,29.52,90.88,10.15,21.9,26.62,94.03
2022,181,23.22,1.04,46.82,91.31,5.99,21.67,25.93,94.06
2022,182,23.01,0.93,22.78,91.69,8.7,21.13,26.3,94.07
2022,183,23.03,0.98,20.85,92.31,12.28,20.89,25.95,93.99
2022,184,22.88,1.09,30.87,92.38,11.92,21.59,24.62,94.01
2022,185,22.64,1.33,34.2,93.12,5.79,21.44,24.39,94.04
2022,186,22.67,1.21,43.7,94.06,5.05,21.81,24.19,93.97
2022,187,22.78,0.95,41.48,92.69,7.31,21.25,25.03,94.06
2022,188,22.17,1.1,52.86,93.06,5.47,20.47,24.69,94.3
2022,189,22.21,1.12,32.49,93.06,7.6,20.35,24.27,94.24
2022,190,22.4,1.16,59.2,95.5,5.7,21.29,23.96,94.07
2022,191,22.62,1.25,33.0,93.19,6.67,20.86,24.94,94.1
2022,192,22.74,1.21,32.66,93.62,7.08,21.69,24.62,94.26
2022,193,22.27,1.07,30.14,94.56,13.61,21.06,23.74,94.28
2022,194,22.21,1.4,25.65,94.12,9.94,20.69,24.08,94.09
2022,195,22.41,1.45,21.52,94.81,12.22,21.11,24.01,93.97
2022,196,23.02,1.21,22.91,92.31,12.27,21.34,25.42,94.03
2022,197,23.09,1.15,35.11,93.06,7.92,21.28,25.33,94.11
2022,198,22.33,0.88,31.23,94.0,8.63,21.08,24.3,94.22
2022,199,21.98,0.98,29.82,92.81,8.57,20.01,24.42,94.28
2022,200,22.15,0.62,5.56,93.0,15.18,19.8,24.63,94.24
2022,201,23.15,0.86,10.17,92.69,16.96,20.67,26.89,94.18
2022,202,22.98,0.77,3.48,93.31,17.19,20.97,25.87,94.16
2022,203,22.18,0.79,7.13,94.5,10.99,20.8,24.15,94.21
2022,204,22.3,0.77,10.93,92.62,13.84,20.25,25.21,94.17
2022,205,22.6,0.78,4.61,92.88,14.93,20.72,25.54,94.16
2022,206,22.87,0.65,2.75,91.5,15.7,20.61,25.67,94.23
2022,207,22.85,0.72,3.09,90.0,17.77,20.49,26.35,94.27
2022,208,23.25,0.57,34.11,90.81,18.69,20.46,27.04,94.12
2022,209,23.79,0.49,7.56,93.38,20.76,21.87,26.33,94.13
2022,210,24.84,0.39,16.74,88.31,19.74,21.75,29.08,94.16
2022,211,24.37,0.7,115.66,90.75,20.97,21.72,28.62,94.1
2022,212,22.73,0.7,6.72,92.62,16.25,19.87,25.51,93.95
2022,213,22.78,1.1,62.33,96.31,13.99,21.2,24.42,93.86
2022,214,21.77,1.01,67.68,95.56,9.85,20.6,23.3,93.88
2022,215,22.05,0.7,61.74,94.81,13.09,19.94,24.23,93.83
2022,216,22.64,1.15,73.65,96.0,8.34,21.44,24.68,93.8
2022,217,22.19,1.2,48.47,95.94,6.15,20.96,23.44,94.05
2022,218,22.24,1.3,27.31,94.94,7.42,20.87,23.95,93.99
2022,219,22.28,1.24,30.35,95.31,8.41,20.79,24.12,93.95
2022,220,22.44,1.3,22.59,95.31,9.61,21.44,23.99,93.92
2022,221,22.08,1.27,15.12,94.06,12.58,20.73,23.88,93.96
2022,222,21.96,1.27,6.18,93.0,12.93,20.39,24.4,93.95
2022,223,22.58,1.19,11.83,92.44,13.14,20.8,25.4,94.08
2022,224,22.7,1.0,4.8,91.25,15.35,20.85,25.49,94.19
2022,225,22.5,0.77,1.41,89.81,15.1,20.54,25.12,94.22
2022,226,22.65,0.81,1.15,90.44,15.72,20.26,26.17,94.27
2022,227,23.05,0.66,0.52,89.69,17.35,20.34,27.01,94.31
2022,228,23.43,0.59,0.2,87.5,20.0,19.97,27.94,94.28
2022,229,23.36,0.66,1.11,89.25,22.42,20.48,27.18,94.32
2022,230,22.96,0.74,70.91,91.06,19.01,20.91,26.12,94.26
2022,231,22.62,0.83,41.1,91.06,18.28,20.45,26.13,94.27
2022,232,22.23,0.79,4.52,91.19,17.47,19.89,25.39,94.3
2022,233,22.92,0.85,12.12,92.19,14.04,20.53,26.18,94.21
2022,234,23.0,1.03,37.27,92.25,13.3,21.37,26.01,94.2
2022,235,22.87,0.93,38.62,92.75,9.67,21.06,25.67,94.21
2022,236,22.13,0.85,32.6,93.0,12.16,20.33,25.27,94.31
2022,237,22.8,0.86,10.59,92.5,15.04,20.71,25.96,94.17
2022,238,22.69,0.83,19.22,93.44,15.4,20.49,25.71,94.08
2022,239,22.27,0.77,20.28,92.56,12.62,20.55,25.24,94.12
2022,240,22.73,0.76,13.04,91.44,18.3,19.76,26.5,94.05
2022,241,23.16,0.94,23.9,93.19,13.13,21.22,26.43,94.08
2022,242,23.03,0.73,13.96,93.88,19.06,20.98,25.95,94.05
2022,243,23.57,0.4,24.92,92.06,18.3,21.04,26.65,94.03
2022,244,23.58,0.39,22.35,90.44,16.22,21.37,27.11,94.04
2022,245,23.74,0.38,7.79,89.56,16.95,21.21,27.78,94.09
2022,246,23.83,0.59,1.64,89.44,20.05,20.81,27.98,94.14
2022,247,23.48,0.45,4.09,91.12,21.73,21.11,27.07,94.15
2022,248,23.24,0.6,15.14,95.31,17.26,21.83,25.39,94.1
2022,249,22.52,0.65,36.31,96.5,15.52,21.12,24.69,94.01
2022,250,22.1,0.69,38.78,94.0,12.59,20.56,25.1,94.12
2022,251,22.23,0.77,5.47,92.5,10.96,20.05,25.48,94.12
2022,252,22.61,0.82,11.45,92.81,14.28,20.99,25.57,94.09
2022,253,22.64,0.84,12.94,92.44,14.24,20.72,25.83,94.13
2022,254,22.52,0.99,9.69,92.44,14.33,20.72,25.44,94.08
2022,255,22.47,1.02,5.44,91.62,14.68,20.62,25.51,94.1
2022,256,22.65,0.91,4.36,91.81,14.46,20.37,26.14,94.27
2022,257,22.69,0.66,6.04,90.75,14.64,20.65,26.2,94.46
2022,258,22.29,0.63,3.38,91.81,15.82,20.01,25.3,94.52
2022,259,22.58,0.69,2.13,91.19,16.48,20.29,26.12,94.36
2022,260,22.65,0.6,2.58,91.31,17.71,20.48,26.18,94.33
2022,261,22.85,0.59,1.71,90.88,18.02,20.33,26.44,94.37
2022,262,22.88,0.74,2.7,90.75,15.72,20.65,26.62,94.35
2022,263,22.51,0.59,0.84,88.06,17.89,19.62,26.54,94.32
2022,264,22.62,0.62,0.35,89.06,19.5,20.15,26.77,94.29
2022,265,22.34,0.6,0.17,87.88,19.33,19.37,26.4,94.37
2022,266,21.83,0.49,3.27,90.62,19.28,19.23,25.12,94.42
2022,267,22.58,0.58,2.7,90.06,19.43,20.15,26.63,94.35
2022,268,23.08,0.6,0.82,88.0,22.34,19.3,27.84,94.22
2022,269,23.32,0.67,0.64,87.62,18.62,20.63,27.82,94.29
2022,270,22.21,0.57,0.68,90.94,22.13,20.25,25.15,94.23
2022,271,22.58,0.65,0.56,88.5,20.24,19.79,26.65,94.15
2022,272,22.38,0.53,0.57,90.62,18.31,20.06,25.33,94.14
2022,273,22.2,0.52,10.05,92.38,14.02,20.59,24.96,94.24
2022,274,21.91,0.61,8.93,90.88,10.42,19.89,25.51,94.29
2022,275,22.51,0.59,4.53,89.88,15.23,19.84,26.44,94.25
2022,276,23.17,0.68,1.68,90.38,15.01,21.02,26.83,94.19
2022,277,23.12,0.59,0.89,92.0,16.64,21.18,26.0,94.15
2022,278,23.09,0.63,2.72,90.94,14.55,20.98,26.44,94.11
2022,279,22.23,0.59,0.37,88.0,12.1,19.98,25.9,94.11
2022,280,22.37,0.55,0.14,87.31,20.06,19.79,26.44,94.17
2022,281,22.53,0.48,0.12,85.88,22.28,18.69,27.19,94.25
2022,282,23.48,0.46,7.55,89.88,17.07,20.17,27.63,94.26
2022,283,22.05,0.42,12.9,93.44,11.99,20.22,23.9,94.31
2022,284,22.43,0.35,7.03,90.94,12.24,19.68,25.89,94.29
2022,285,23.45,0.38,0.36,88.25,19.34,20.94,27.01,94.34
2022,286,23.25,0.41,9.09,92.69,18.76,21.05,26.59,94.28
2022,287,22.94,0.42,18.57,90.19,16.41,20.49,27.15,94.21
2022,288,23.26,0.31,7.51,90.69,18.74,20.77,26.82,94.08
2022,289,22.98,0.38,20.5,91.88,14.93,20.7,26.75,94.28
2022,290,23.19,0.37,13.45,94.5,15.65,21.38,25.82,94.42
2022,291,22.4,0.51,5.87,95.62,14.4,20.99,24.05,94.45
2022,292,22.58,0.35,6.78,92.56,18.17,20.56,25.69,94.4
2022,293,23.19,0.4,6.26,92.0,17.46,21.3,26.78,94.38
2022,294,23.77,0.34,4.3,88.94,18.79,21.26,27.75,94.49
2022,295,23.96,0.3,1.24,86.38,20.31,20.64,28.33,94.55
2022,296,23.72,0.39,0.68,86.06,20.54,20.44,28.11,94.5
2022,297,22.53,0.49,0.12,82.12,22.8,18.77,27.12,94.39
2022,298,21.62,0.53,0.0,82.69,22.93,16.84,26.93,94.42
2022,299,21.3,0.46,0.0,76.31,23.73,15.66,27.26,94.5
2022,300,21.45,0.42,0.0,75.62,22.93,15.42,27.22,94.46
2022,301,22.08,0.41,0.04,80.31,20.15,16.01,27.51,94.36
2022,302,23.31,0.44,0.67,85.88,16.86,20.37,27.55,94.33
2022,303,23.49,0.38,1.09,87.06,12.57,20.94,27.28,94.35
2022,304,23.31,0.28,1.15,85.31,19.55,19.89,27.62,94.36
2022,305,22.7,0.38,0.84,87.31,17.59,19.33,26.88,94.44
2022,306,22.61,0.4,13.32,87.19,15.57,19.79,26.41,94.4
2022,307,22.43,0.52,1.51,84.38,15.69,18.43,26.89,94.35
2022,308,23.36,0.45,1.18,86.0,16.75,20.23,27.61,94.45
2022,309,22.52,0.55,0.61,81.88,18.2,18.27,26.72,94.58
2022,310,22.45,0.35,2.11,87.56,19.26,19.19,26.3,94.65
2022,311,22.83,0.41,0.97,82.06,16.51,19.76,26.84,94.55
2022,312,22.83,0.41,0.05,82.5,19.71,18.0,27.9,94.52
2022,313,23.46,0.39,0.14,82.0,19.19,19.87,27.9,94.49
2022,314,23.04,0.38,0.12,81.69,19.35,18.98,27.82,94.43
2022,315,22.69,0.45,1.89,85.0,13.13,19.42,27.12,94.42
2022,316,21.84,0.43,5.3,91.69,9.77,19.8,24.12,94.4
2022,317,22.56,0.57,0.85,88.75,13.25,19.67,26.17,94.36
2022,318,22.77,0.58,5.81,85.69,19.48,19.45,26.5,94.51
2022,319,22.37,0.45,3.16,89.81,15.91,19.42,26.11,94.53
2022,320,22.35,0.26,0.69,91.19,15.76,20.82,24.98,94.43
2022,321,22.01,0.41,0.08,80.06,19.1,18.02,26.87,94.39
2022,322,20.5,0.5,0.03,69.38,19.08,14.9,26.38,94.42
2022,323,19.44,0.6,0.01,76.75,21.59,14.63,25.15,94.42
2022,324,19.9,0.54,0.0,74.94,19.93,15.47,24.98,94.31
2022,325,20.57,0.45,0.0,76.5,20.68,15.92,25.82,94.3
2022,326,21.13,0.41,0.41,87.06,14.66,16.98,25.94,94.32
2022,327,22.31,0.36,2.9,91.69,10.65,20.05,25.99,94.35
2022,328,22.67,0.33,5.33,93.38,10.17,20.15,25.91,94.32
2022,329,23.43,0.36,0.33,88.0,15.77,20.83,27.51,94.42
2022,330,23.12,0.45,1.74,86.88,17.35,19.52,27.62,94.36
2022,331,22.93,0.45,2.75,89.06,16.56,19.7,27.41,94.24
2022,332,22.18,0.24,3.91,92.88,11.84,20.26,25.33,94.28
2022,333,22.87,0.33,2.2,88.62,13.18,19.63,27.1,94.34
2022,334,22.26,0.34,0.1,81.88,14.47,18.73,26.73,94.4
2022,335,21.76,0.42,0.0,79.56,19.41,15.73,27.12,94.37
2022,336,23.51,0.37,0.35,85.5,16.1,20.2,27.74,94.31
2022,337,23.56,0.38,0.36,84.06,18.64,19.59,28.05,94.33
2022,338,23.69,0.42,5.21,83.69,18.14,20.37,27.83,94.41
2022,339,22.9,0.53,1.61,84.69,17.23,19.73,27.06,94.46
2022,340,23.3,0.34,0.11,81.94,16.13,20.05,27.9,94.4
2022,341,21.84,0.48,0.07,77.69,11.92,17.68,26.87,94.37
2022,342,20.55,0.45,0.02,71.25,15.76,15.49,26.26,94.31
2022,343,20.62,0.48,2.11,74.56,11.45,16.48,25.32,94.18
2022,344,21.07,0.56,4.16,90.25,11.4,18.23,25.2,94.05
2022,345,21.55,0.61,20.73,94.62,6.67,19.58,24.53,94.12
2022,346,22.07,0.38,21.24,95.69,6.77,20.57,24.47,94.09
2022,347,22.4,0.65,12.9,92.88,13.25,19.71,26.03,94.28
2022,348,22.55,0.56,4.14,89.56,12.35,19.9,26.69,94.43
2022,349,22.12,0.43,0.52,83.94,20.54,18.34,27.35,94.37
2022,350,20.83,0.48,0.0,73.94,21.6,15.24,26.69,94.34
2022,351,21.48,0.53,0.0,77.25,20.34,15.79,27.22,94.39
2022,352,22.43,0.52,0.01,81.75,15.83,17.94,27.18,94.33
2022,353,21.65,0.62,0.05,78.69,18.12,17.18,26.47,94.24
2022,354,21.19,0.5,0.01,77.06,18.15,15.03,27.51,94.21
2022,355,21.6,0.52,0.0,73.69,20.4,17.59,27.28,94.27
2022,356,20.36,0.64,0.0,66.31,21.55,14.74,27.05,94.31
2022,357,20.84,0.5,0.0,70.75,21.1,15.23,27.47,94.28
2022,358,21.73,0.41,0.0,74.94,21.16,16.42,28.18,94.38
2022,359,22.48,0.41,1.57,78.56,17.75,16.12,28.5,94.38
2022,360,23.8,0.59,1.26,82.06,17.23,19.92,28.9,94.47
2022,361,23.55,0.58,0.21,80.0,16.2,19.37,28.92,94.57
2022,362,24.2,0.44,0.06,79.81,18.86,20.4,29.23,94.7
2022,363,23.71,0.41,0.02,76.12,20.53,19.29,29.29,94.81
2022,364,22.38,0.45,0.01,71.56,21.04,17.74,28.58,94.89
2022,365,21.6,0.34,0.0,70.12,20.97,15.38,28.11,94.87
2023,1,21.83,0.32,0.0,70.75,19.74,15.68,28.4,94.78
2023,2,21.52,0.5,0.0,69.88,20.56,15.76,28.41,94.72
2023,3,21.38,0.41,0.0,71.62,20.48,16.0,28.07,94.76
2023,4,21.49,0.44,0.0,70.62,20.11,16.07,28.39,94.66
2023,5,21.48,0.59,0.0,69.62,19.51,16.95,28.02,94.68
2023,6,21.99,0.66,0.0,68.88,20.94,16.07,28.79,94.78
2023,7,22.65,0.55,0.0,69.06,19.75,17.53,29.06,94.69
2023,8,22.51,0.53,0.0,69.62,18.95,17.89,29.19,94.62
2023,9,21.78,0.39,0.0,67.0,18.95,16.15,29.37,94.71
2023,10,20.69,0.59,0.0,56.5,21.72,13.71,29.57,94.68
2023,11,20.94,0.41,0.0,61.56,22.2,14.01,29.9,94.56
2023,12,21.71,0.5,0.0,53.81,22.53,13.55,30.69,94.46
2023,13,22.39,0.45,0.0,58.31,19.7,14.58,30.19,94.5
2023,14,22.02,0.4,0.0,58.5,18.24,14.62,30.35,94.49
2023,15,22.2,0.48,0.0,58.62,21.66,14.48,30.76,94.41
2023,16,23.05,0.42,0.0,62.94,20.88,15.51,31.39,94.44
2023,17,22.61,0.44,0.0,63.25,21.49,14.98,31.19,94.52
2023,18,22.55,0.34,0.0,62.0,21.94,16.15,31.01,94.59
2023,19,21.98,0.44,0.0,59.19,22.53,14.44,31.05,94.59
2023,20,21.36,0.45,0.0,59.31,22.51,14.36,30.03,94.59
2023,21,22.17,0.39,0.0,67.44,20.5,15.95,29.98,94.54
2023,22,22.24,0.44,0.0,63.25,21.01,15.71,30.35,94.44
2023,23,22.99,0.55,0.03,64.44,20.13,15.72,31.1,94.38
2023,24,23.02,0.37,2.9,79.69,12.03,18.98,28.97,94.43
2023,25,23.02,0.44,4.64,82.06,16.8,19.68,28.85,94.4
2023,26,23.36,0.49,0.03,66.88,21.31,17.11,31.13,94.38
2023,27,22.5,0.41,0.01,61.62,21.7,15.65,31.13,94.41
2023,28,22.06,0.43,0.0,54.12,22.63,14.3,31.3,94.37
2023,29,22.4,0.5,0.0,55.25,22.64,14.71,31.76,94.28
2023,30,23.37,0.38,0.01,67.94,18.76,16.61,30.56,94.39
2023,31,24.4,0.34,0.23,67.44,16.77,18.58,31.67,94.35
2023,32,24.24,0.48,0.01,57.81,21.14,16.92,32.54,94.35
2023,33,24.41,0.48,0.0,60.38,20.7,17.93,32.18,94.36
2023,34,24.83,0.45,0.05,62.56,15.64,19.44,31.63,94.4
2023,35,25.52,0.49,0.35,63.12,21.06,19.17,33.52,94.33
2023,36,25.51,0.49,0.03,59.62,21.91,18.61,33.83,94.32
2023,37,25.05,0.55,0.01,65.81,19.79,19.13,32.94,94.38
2023,38,24.74,0.48,0.03,66.31,20.13,18.51,31.85,94.39
2023,39,25.42,0.45,0.0,57.75,21.23,18.08,33.85,94.36
2023,40,24.98,0.45,0.01,60.19,20.52,18.01,33.11,94.46
2023,41,24.98,0.36,0.02,58.38,22.38,18.2,33.48,94.52
2023,42,24.9,0.41,0.0,53.69,22.24,17.59,33.71,94.54
2023,43,24.69,0.34,0.0,49.38,23.71,17.05,33.81,94.57
2023,44,24.89,0.48,0.0,46.38,24.41,16.64,35.01,94.55
2023,45,24.9,0.45,0.0,47.94,24.12,16.95,34.16,94.54
2023,46,24.63,0.41,0.0,46.56,24.69,16.16,34.48,94.4
2023,47,24.74,0.49,0.0,44.06,24.91,16.01,34.85,94.41
2023,48,24.72,0.5,0.0,45.38,24.21,16.74,34.48,94.46
2023,49,24.9,0.5,0.0,49.56,23.32,16.76,33.88,94.5
2023,50,25.62,0.4,0.0,58.94,22.98,18.26,33.91,94.51
2023,51,25.56,0.49,0.0,57.12,22.57,18.4,34.37,94.52
2023,52,26.02,0.45,0.0,52.44,23.75,17.83,34.99,94.54
2023,53,25.69,0.35,0.0,44.31,24.34,17.87,34.97,94.5
2023,54,25.41,0.52,0.0,39.0,24.83,17.67,35.17,94.46
2023,55,25.55,0.5,0.0,39.94,25.5,16.9,35.33,94.54
2023,56,25.44,0.42,0.0,37.0,25.6,17.14,35.8,94.67
2023,57,25.91,0.48,0.0,35.19,25.22,17.78,35.71,94.7
2023,58,25.42,0.49,0.0,35.25,26.05,17.44,34.98,94.71
2023,59,25.43,0.55,0.0,38.06,25.58,16.61,34.61,94.72
2023,60,26.79,0.48,0.0,54.19,19.3,20.62,33.71,94.68
2023,61,26.99,0.5,0.03,39.19,25.3,20.55,35.52,94.76
2023,62,26.15,0.73,0.03,32.5,26.5,17.51,35.61,94.78
2023,63,26.68,0.66,0.0,30.5,26.18,18.4,36.34,94.77
2023,64,26.46,0.54,0.0,34.81,26.0,18.18,35.99,94.72
2023,65,26.42,0.59,0.02,33.31,26.18,18.37,36.22,94.6
2023,66,26.49,0.49,0.01,31.81,23.27,18.42,35.8,94.54
2023,67,25.94,0.49,0.0,36.0,26.01,18.6,34.74,94.51
2023,68,25.69,0.41,0.0,35.06,17.16,20.31,33.26,94.51
2023,69,26.55,0.63,0.0,38.25,22.15,18.72,35.79,94.45
2023,70,26.69,0.48,0.0,40.94,25.36,18.97,35.94,94.45
2023,71,27.13,0.53,0.01,39.81,24.83,19.52,36.58,94.43
2023,72,27.36,0.55,0.0,46.62,25.07,20.04,36.12,94.35
2023,73,27.47,0.61,0.03,52.75,22.14,20.76,35.42,94.28
2023,74,27.35,0.59,0.06,60.31,21.21,21.51,35.25,94.23
2023,75,27.22,0.61,0.08,61.44,23.24,22.13,34.23,94.32
2023,76,27.3,0.59,0.42,57.69,23.09,21.15,34.83,94.29
2023,77,26.79,0.66,0.17,61.62,22.58,21.48,34.12,94.27
2023,78,25.52,0.72,0.17,66.06,19.54,20.81,32.19,94.27
2023,79,25.18,0.73,0.01,57.88,25.87,19.16,33.33,94.23
2023,80,24.69,0.73,0.0,55.12,26.78,17.1,33.44,94.25
2023,81,25.62,0.67,0.0,59.56,25.06,17.45,35.73,94.25
2023,82,26.76,0.66,0.07,57.94,25.74,20.58,34.94,94.25
2023,83,26.94,0.67,0.03,55.31,24.98,20.23,35.12,94.26
2023,84,26.15,0.48,0.4,60.69,21.57,21.23,31.49,94.38
2023,85,27.37,0.59,0.24,57.12,22.74,22.46,35.03,94.36
2023,86,27.75,0.64,0.01,52.0,25.89,20.72,36.68,94.31
2023,87,28.11,0.62,0.01,54.0,27.04,20.08,37.76,94.28
2023,88,26.74,0.64,3.49,62.88,23.03,21.93,34.58,94.4
2023,89,26.62,0.59,1.05,66.19,21.04,21.45,34.29,94.35
2023,90,27.6,0.61,0.01,55.94,26.29,22.19,34.91,94.28
2023,91,26.52,0.7,0.37,57.56,24.97,20.28,33.93,94.3
2023,92,26.4,0.8,0.08,59.94,26.56,19.84,34.94,94.26
2023,93,26.36,0.73,0.56,57.81,26.86,19.03,35.71,94.24
2023,94,26.12,0.52,0.31,64.19,18.93,19.24,34.31,94.33
2023,95,27.38,0.54,0.2,60.38,22.93,21.15,35.04,94.28
2023,96,27.25,0.45,3.42,65.06,23.11,22.11,34.82,94.31
2023,97,27.76,0.39,1.38,61.38,21.61,21.55,35.16,94.41
2023,98,28.38,0.48,0.09,52.19,25.83,22.01,36.23,94.53
2023,99,28.39,0.45,0.17,51.88,25.98,21.73,36.79,94.55
2023,100,28.7,0.47,0.21,52.38,25.58,21.73,36.77,94.43
2023,101,28.8,0.48,0.14,51.88,25.73,22.35,37.17,94.45
2023,102,28.4,0.48,0.01,54.5,24.94,22.15,36.31,94.43
2023,103,28.45,0.42,0.01,40.5,26.31,21.81,36.5,94.43
2023,104,28.58,0.41,0.02,54.69,23.94,22.65,35.75,94.44
2023,105,28.23,0.39,0.03,57.69,22.83,22.9,34.76,94.33
2023,106,27.51,0.27,0.12,58.38,25.02,23.36,33.55,94.25
2023,107,27.48,0.39,0.17,62.0,25.5,22.56,34.87,94.26
2023,108,28.54,0.48,0.06,56.12,26.21,21.4,37.01,94.34
2023,109,28.76,0.61,0.08,59.25,25.37,22.1,36.85,94.2
2023,110,28.15,0.7,0.1,62.0,25.26,22.75,35.41,94.05
2023,111,27.87,0.66,0.67,65.69,23.5,22.71,35.38,94.02
2023,112,28.65,0.62,1.21,62.44,23.87,22.91,36.34,94.03
2023,113,28.92,0.66,0.29,57.94,26.46,22.98,36.4,94.03
2023,114,28.77,0.51,0.58,58.0,25.43,22.44,36.53,94.12
2023,115,27.72,0.52,4.54,63.69,21.73,23.29,33.85,94.23
2023,116,26.61,0.52,2.31,73.31,19.81,22.3,33.31,94.22
2023,117,27.67,0.57,0.95,68.56,23.51,22.83,34.74,94.23
2023,118,28.05,0.62,0.69,66.12,19.94,22.46,35.37,94.27
2023,119,27.76,0.53,2.39,67.94,19.73,23.04,34.54,94.22
2023,120,26.15,0.54,3.26,77.88,22.12,23.25,30.81,94.11
2023,121,25.17,0.41,6.64,77.75,23.26,22.43,28.73,94.12
2023,122,27.1,0.68,0.98,68.0,22.19,22.21,34.37,94.18
2023,123,26.44,0.77,0.43,68.88,22.97,22.96,31.77,94.32
2023,124,26.87,0.73,0.73,67.75,25.8,21.71,34.31,94.24
2023,125,25.37,0.58,2.8,73.69,20.25,22.23,29.86,94.19
2023,126,25.94,0.68,1.72,71.0,24.53,21.81,31.89,94.15
2023,127,25.5,0.77,1.1,74.19,18.82,22.05,30.19,94.21
2023,128,25.84,0.65,1.34,76.5,22.08,22.74,32.18,94.12
2023,129,26.7,0.65,2.16,67.69,23.4,21.16,34.2,94.17
2023,130,27.36,0.48,4.88,69.38,23.55,22.57,35.27,94.12
2023,131,27.14,0.49,9.67,76.06,16.88,23.26,34.23,94.19
2023,132,26.46,0.56,4.43,76.69,19.03,22.22,33.3,94.29
2023,133,26.12,0.71,2.79,80.94,12.49,22.41,31.85,94.35
2023,134,26.58,0.66,0.13,79.19,23.18,23.71,31.11,94.3
2023,135,26.87,0.56,0.06,73.0,24.55,23.35,32.12,94.32
2023,136,28.33,0.62,0.17,67.19,25.68,23.08,36.24,94.34
2023,137,28.87,0.64,0.15,65.5,24.96,22.83,37.14,94.35
2023,138,28.62,0.62,0.12,66.06,22.07,23.08,36.38,94.44
2023,139,27.53,0.66,0.25,71.44,23.92,23.55,34.31,94.38
2023,140,27.68,0.71,0.89,70.19,23.35,23.6,34.33,94.34
2023,141,27.12,0.51,2.75,74.88,21.38,23.49,33.32,94.38
2023,142,27.19,0.59,5.91,75.0,22.91,23.13,33.85,94.42
2023,143,27.07,0.44,0.81,72.31,21.08,23.33,32.93,94.48
2023,144,26.16,0.52,2.41,79.12,23.09,23.37,31.17,94.49
2023,145,25.92,0.66,3.63,81.12,19.24,22.94,31.19,94.54
2023,146,26.22,0.7,1.35,76.81,18.94,22.96,31.99,94.56
2023,147,27.07,0.83,0.14,71.69,24.41,22.47,33.57,94.4
2023,148,26.39,0.7,0.6,72.81,25.33,23.39,31.02,94.31
2023,149,27.04,0.44,2.65,74.25,22.96,22.84,33.12,94.22
2023,150,26.19,0.41,2.71,78.12,18.49,23.3,31.23,94.34
2023,151,26.06,0.47,18.19,78.75,18.49,22.32,32.11,94.32
2023,152,25.48,0.64,1.66,82.12,16.65,22.77,30.0,94.33
2023,153,26.09,0.57,0.91,77.75,19.36,22.72,31.05,94.33
2023,154,27.07,0.65,2.06,75.5,19.86,23.14,33.73,94.27
2023,155,25.62,0.52,2.36,80.25,19.76,22.69,29.6,94.27
2023,156,25.52,0.87,1.2,83.81,21.45,22.77,30.15,94.23
2023,157,25.9,0.66,2.76,80.81,22.28,23.02,30.45,94.22
2023,158,25.74,0.81,3.22,81.25,20.57,22.93,30.64,94.22
2023,159,25.44,0.83,4.86,83.56,21.63,22.98,29.71,94.26
2023,160,25.9,0.84,3.99,80.38,18.08,22.89,30.75,94.2
2023,161,24.48,0.8,16.36,85.75,11.11,22.32,27.87,94.19
2023,162,24.39,0.59,4.7,85.94,10.9,21.8,27.95,94.14
2023,163,25.13,0.8,4.11,83.12,16.72,21.74,29.83,94.15
2023,164,25.49,0.89,6.77,83.5,15.31,22.4,30.08,94.19
2023,165,25.33,0.83,6.24,86.19,17.38,23.14,28.82,94.31
2023,166,25.47,0.86,3.61,85.31,17.78,23.16,29.4,94.32
2023,167,25.82,0.95,1.45,80.75,19.72,22.65,30.4,94.28
2023,168,25.28,0.92,15.22,85.62,17.76,23.12,28.83,94.26
2023,169,24.78,0.83,9.05,87.38,15.1,22.27,28.7,94.25
2023,170,23.99,0.62,3.39,87.31,18.55,21.84,27.26,94.19
2023,171,24.55,0.56,10.08,78.0,12.22,21.01,29.91,94.1
2023,172,24.83,0.62,26.54,84.81,12.53,22.22,29.34,94.14
2023,173,24.44,0.68,7.44,84.06,16.57,21.4,29.27,94.17
2023,174,22.75,0.61,6.04,82.19,12.94,19.08,26.67,94.23
2023,175,23.44,0.79,21.31,90.56,14.14,20.9,26.31,94.14
2023,176,23.76,0.78,15.04,88.31,13.77,21.55,27.22,94.17
2023,177,23.39,0.6,2.1,83.38,13.01,20.69,27.73,94.22
2023,178,23.22,0.61,41.51,86.0,12.63,20.38,27.17,94.3
2023,179,23.05,0.61,18.45,87.12,15.69,19.28,26.83,94.37
2023,180,23.42,0.68,14.64,88.12,10.2,20.75,27.41,94.43
2023,181,23.17,0.66,5.25,86.31,15.87,19.74,27.42,94.38
2023,182,23.9,0.73,9.08,88.19,16.73,21.54,27.69,94.42
2023,183,23.15,0.84,15.29,90.19,12.68,20.93,26.15,94.37
2023,184,23.83,1.13,41.86,91.56,11.17,22.4,26.12,94.24
2023,185,23.13,1.37,54.5,92.88,7.27,21.76,25.11,94.08
2023,186,22.79,1.4,95.78,93.44,7.24,21.51,24.46,94.02
2023,187,22.46,1.16,43.46,92.56,3.74,21.15,24.37,94.19
2023,188,23.05,1.02,35.25,91.56,7.99,21.01,25.97,94.32
2023,189,23.2,0.77,19.25,89.44,7.27,21.08,26.36,94.41
2023,190,23.36,0.63,16.67,91.94,13.64,21.09,25.87,94.31
2023,191,23.6,0.52,7.73,92.0,15.84,21.51,26.54,94.28
2023,192,23.3,0.53,5.28,92.12,10.58,20.81,26.19,94.31
2023,193,22.66,0.64,8.28,90.0,15.29,20.29,26.23,94.3
2023,194,22.83,0.75,14.49,90.19,10.08,20.5,25.98,94.34
2023,195,22.87,0.8,16.38,91.44,11.44,21.02,26.06,94.41
2023,196,23.41,0.72,7.34,90.94,14.73,20.94,26.46,94.37
2023,197,23.75,0.76,13.11,91.94,14.35,21.59,26.99,94.31
2023,198,23.5,0.88,7.9,92.69,17.05,21.55,26.64,94.27
2023,199,23.82,1.29,5.18,90.62,15.36,22.06,26.58,94.25
2023,200,23.54,1.39,6.47,91.5,13.9,22.03,26.26,94.13
2023,201,23.75,1.37,9.55,91.44,15.54,22.31,26.05,94.12
2023,202,23.36,1.38,17.2,93.88,14.45,22.28,25.08,94.21
2023,203,23.05,1.37,34.4,91.62,7.52,21.77,25.09,94.33
2023,204,23.08,1.39,65.34,92.94,4.76,21.71,25.25,94.35
2023,205,22.26,1.13,61.28,95.25,4.2,20.66,24.35,94.28
2023,206,21.77,0.96,33.48,94.25,5.82,19.98,23.12,94.37
2023,207,21.86,1.05,42.46,94.31,5.74,19.63,24.9,94.44
2023,208,21.99,0.82,18.31,94.69,10.86,20.4,24.26,94.51
2023,209,22.56,0.85,5.73,93.31,12.59,20.69,25.05,94.43
2023,210,22.92,0.98,3.32,92.06,16.04,20.79,26.05,94.41
2023,211,23.07,0.93,2.84,91.69,14.89,20.63,26.51,94.35
2023,212,23.14,0.99,3.7,91.44,15.08,21.12,26.52,94.32
2023,213,23.1,0.93,2.06,91.5,18.81,20.96,26.44,94.36
2023,214,23.04,0.95,0.91,90.88,17.82,20.63,26.54,94.42
2023,215,23.16,0.98,1.36,90.69,16.55,20.69,26.78,94.39
2023,216,23.42,0.98,5.44,90.75,16.55,21.03,27.01,94.51
2023,217,23.37,0.99,6.83,90.44,14.72,21.37,26.96,94.61
2023,218,23.33,0.77,4.11,91.12,16.62,21.08,26.75,94.49
2023,219,23.51,0.79,1.66,90.5,17.72,21.09,27.27,94.33
2023,220,23.4,0.72,2.07,90.44,15.23,20.73,27.06,94.34
2023,221,23.81,0.64,1.2,88.31,18.05,20.79,27.78,94.45
2023,222,23.87,0.65,3.03,89.88,20.11,21.28,27.91,94.45
2023,223,24.07,0.73,1.48,89.06,21.3,21.23,28.02,94.39
2023,224,23.76,0.8,0.58,88.94,17.99,21.29,27.55,94.42
2023,225,23.23,0.72,0.58,90.12,17.17,20.77,26.79,94.39
2023,226,22.95,0.69,0.22,88.62,19.58,20.19,26.71,94.42
2023,227,23.19,0.66,0.18,87.12,24.2,20.02,27.46,94.42
2023,228,23.45,0.69,1.54,88.56,20.72,20.5,27.55,94.43
2023,229,23.51,0.79,4.93,89.0,16.45,20.74,27.62,94.43
2023,230,22.73,0.69,7.93,91.56,18.22,20.98,25.66,94.36
2023,231,23.55,0.96,21.67,90.25,11.45,21.17,27.16,94.29
2023,232,23.73,0.83,5.73,89.5,17.61,21.44,27.57,94.25
2023,233,23.93,0.7,1.13,88.56,22.29,20.72,28.08,94.2
2023,234,24.07,0.65,1.55,87.81,22.17,20.98,28.8,94.21
2023,235,23.94,0.65,0.72,88.25,21.72,21.14,27.96,94.25
2023,236,23.65,0.63,0.36,88.75,19.81,20.62,28.05,94.26
2023,237,23.74,0.51,0.1,86.81,22.1,20.33,28.05,94.27
2023,238,23.61,0.52,0.97,90.44,17.3,21.49,27.08,94.35
2023,239,23.84,0.55,0.99,87.94,22.34,20.94,27.93,94.42
2023,240,23.77,0.59,0.47,87.81,23.58,20.66,28.05,94.37
2023,241,23.8,0.63,1.38,87.62,20.31,20.48,28.08,94.29
2023,242,24.19,0.73,0.97,87.81,22.36,21.61,28.06,94.3
2023,243,24.37,0.55,0.78,86.56,21.48,21.43,28.79,94.27
2023,244,24.21,0.55,5.72,89.25,21.75,21.43,28.3,94.29
2023,245,23.58,0.55,1.81,89.75,19.46,21.6,26.84,94.3
2023,246,22.93,0.66,1.36,90.75,18.37,21.15,25.89,94.22
2023,247,22.11,0.66,4.01,87.75,12.89,19.37,25.9,94.16
2023,248,22.38,0.83,25.16,91.75,10.56,20.2,25.4,94.14
2023,249,23.05,0.75,15.72,89.31,14.27,20.58,26.83,94.19
2023,250,23.05,0.81,10.85,89.94,14.88,20.88,26.4,94.26
2023,251,23.36,0.9,9.57,90.62,15.29,21.05,26.59,94.33
2023,252,23.68,0.81,10.93,90.94,13.13,21.92,26.59,94.3
2023,253,23.74,0.96,14.29,91.5,14.31,21.82,27.34,94.23
2023,254,23.0,0.8,14.55,92.31,14.81,21.21,26.22,94.32
2023,255,23.24,0.77,6.56,90.44,17.05,21.04,26.48,94.34
2023,256,23.47,0.66,4.65,90.81,15.87,21.37,26.74,94.32
2023,257,23.08,0.69,19.85,91.75,10.92,20.42,26.4,94.33
2023,258,22.45,0.8,22.0,91.75,14.43,19.73,26.11,94.36
2023,259,23.05,0.73,20.18,92.38,12.2,20.94,26.06,94.38
2023,260,23.51,0.61,8.78,90.31,13.54,21.08,27.29,94.28
2023,261,23.44,0.65,6.63,91.12,14.31,20.62,27.31,94.25
2023,262,23.65,0.59,3.43,90.31,18.66,21.4,27.33,94.37
2023,263,23.3,0.59,2.35,90.0,17.09,20.94,26.77,94.4
2023,264,22.96,0.51,3.35,90.44,17.14,20.82,25.85,94.38
2023,265,23.45,0.55,3.62,90.81,19.59,21.23,27.31,94.35
2023,266,22.73,0.62,15.82,94.81,15.69,21.58,25.22,94.37
2023,267,22.82,0.68,8.03,94.0,15.17,20.9,25.41,94.37
2023,268,22.12,0.52,3.85,93.62,17.69,20.57,24.4,94.3
2023,269,23.16,0.6,3.64,89.75,16.12,20.51,27.14,94.26
2023,270,22.95,0.59,6.07,88.94,17.28,20.7,26.61,94.31
2023,271,22.62,0.77,19.18,93.56,10.01,19.94,25.69,94.24
2023,272,22.94,0.9,24.95,93.06,9.97,20.83,26.15,94.23
2023,273,22.73,0.81,18.31,90.88,11.11,20.37,26.13,94.36
2023,274,23.55,0.94,17.73,92.06,14.99,21.55,26.55,94.3
2023,275,23.22,0.59,2.21,89.94,18.59,20.97,26.82,94.4
2023,276,22.86,0.53,0.2,89.88,21.8,20.11,26.75,94.45
2023,277,22.83,0.49,0.05,88.38,22.6,19.73,27.16,94.46
2023,278,22.51,0.48,0.02,86.56,24.17,19.33,26.93,94.43
2023,279,23.0,0.41,0.04,84.56,21.19,20.02,27.26,94.35
2023,280,23.86,0.44,0.65,86.81,19.21,20.51,28.29,94.32
2023,281,24.13,0.52,1.42,90.88,13.58,21.73,28.11,94.41
2023,282,23.95,0.38,3.77,88.38,12.75,21.23,28.0,94.55
2023,283,23.2,0.37,4.71,91.88,15.34,21.15,25.85,94.54
2023,284,22.61,0.34,5.57,90.5,13.08,19.63,26.51,94.51
2023,285,23.48,0.28,10.75,90.56,14.39,20.5,27.91,94.52
2023,286,24.37,0.45,0.63,85.94,20.38,20.91,29.27,94.59
2023,287,24.12,0.42,3.38,85.69,19.59,20.73,28.6,94.58
2023,288,23.46,0.34,3.71,91.88,17.59,21.31,26.37,94.47
2023,289,23.02,0.34,5.84,92.31,14.3,21.56,25.3,94.48
2023,290,23.12,0.32,8.62,89.56,15.18,20.72,27.02,94.56
2023,291,24.12,0.41,1.38,87.94,19.18,20.47,28.87,94.59
2023,292,24.48,0.36,0.86,85.25,17.6,21.15,28.73,94.56
2023,293,24.11,0.41,1.42,85.0,18.82,20.5,28.72,94.56
2023,294,24.19,0.41,1.4,85.62,17.87,20.3,29.12,94.57
2023,295,24.23,0.41,0.56,85.94,16.17,20.72,28.95,94.6
2023,296,24.06,0.37,0.25,85.06,19.01,21.19,28.76,94.55
2023,297,23.6,0.38,0.21,82.88,21.87,20.18,28.23,94.52
2023,298,23.6,0.38,0.22,83.81,21.65,20.16,28.51,94.6
2023,299,23.32,0.42,0.01,79.94,22.64,18.46,28.62,94.59
2023,300,23.53,0.48,0.4,83.31,20.3,19.01,28.3,94.47
2023,301,24.21,0.38,3.24,88.25,16.32,21.04,28.25,94.46
2023,302,24.15,0.42,2.64,89.94,16.6,21.22,27.9,94.45
2023,303,23.23,0.35,2.09,91.62,17.66,21.68,25.71,94.45
2023,304,23.1,0.37,18.83,90.0,14.94,20.82,26.56,94.54
2023,305,23.11,0.43,3.46,91.19,14.71,21.19,26.14,94.54
2023,306,23.53,0.45,11.41,91.0,19.26,20.33,27.37,94.44
2023,307,24.52,0.38,2.32,89.44,17.65,21.61,28.5,94.31
2023,308,23.94,0.31,18.88,91.69,11.96,22.15,27.12,94.27
2023,309,23.69,0.48,20.85,91.81,12.49,21.52,27.12,94.39
2023,310,22.99,0.48,9.2,90.5,16.61,20.8,26.18,94.58
2023,311,23.62,0.45,6.31,88.81,19.17,20.12,27.92,94.52
2023,312,23.02,0.41,24.3,88.88,12.41,20.31,26.63,94.53
2023,313,23.34,0.45,14.81,89.44,13.52,21.19,27.01,94.55
2023,314,23.48,0.42,2.96,86.88,17.48,20.0,27.87,94.65
2023,315,23.97,0.41,0.79,84.31,21.5,20.85,28.45,94.64
2023,316,22.73,0.48,0.27,82.75,19.97,19.42,27.54,94.66
2023,317,22.62,0.5,0.03,80.31,16.69,18.47,27.46,94.61
2023,318,22.3,0.55,0.0,80.19,19.16,18.87,26.9,94.52
2023,319,22.2,0.45,0.0,79.25,18.64,17.39,27.44,94.53
2023,320,22.98,0.42,0.01,84.81,18.05,18.61,27.95,94.55
2023,321,24.19,0.45,0.29,87.12,15.94,20.2,28.66,94.52
2023,322,24.36,0.43,1.23,88.0,16.07,21.73,28.39,94.49
2023,323,24.0,0.46,0.44,86.56,19.36,20.9,28.01,94.49
2023,324,24.0,0.38,0.16,81.19,21.09,20.89,28.01,94.5
2023,325,23.65,0.41,0.28,85.19,19.69,19.4,28.2,94.44
2023,326,24.19,0.35,2.66,89.38,14.56,21.33,27.8,94.34
2023,327,23.65,0.59,4.55,90.5,12.94,21.53,26.83,94.23
2023,328,23.7,0.51,0.5,86.25,9.83,20.49,27.76,94.32
2023,329,24.12,0.37,0.5,85.0,16.74,21.44,27.94,94.45
2023,330,23.66,0.52,0.24,82.25,15.66,20.55,27.79,94.49
2023,331,23.76,0.55,0.39,86.0,18.84,20.16,28.33,94.44
2023,332,23.88,0.45,0.48,86.0,19.91,20.34,28.33,94.35
2023,333,23.0,0.47,0.43,89.94,17.46,21.48,25.33,94.35
2023,334,23.76,0.48,1.12,84.62,18.0,20.5,28.11,94.42
2023,335,24.01,0.38,0.23,86.69,18.34,20.5,28.28,94.36
2023,336,24.01,0.44,0.73,81.62,19.91,20.94,28.9,94.27
2023,337,24.3,0.48,0.19,83.75,16.55,20.58,29.3,94.27
2023,338,24.08,0.52,0.03,84.94,12.08,20.74,28.87,94.2
2023,339,23.43,0.43,0.02,84.81,14.72,20.61,27.19,94.19
2023,340,23.29,0.45,0.03,83.75,19.2,19.0,28.11,94.31
2023,341,23.19,0.32,0.24,81.44,17.67,19.51,26.66,94.4
2023,342,23.32,0.41,1.93,86.56,14.94,20.08,26.79,94.43
2023,343,22.8,0.47,5.97,93.06,15.12,20.9,25.03,94.49
2023,344,23.62,0.5,4.27,89.75,14.72,20.39,28.19,94.43
2023,345,22.05,0.41,16.35,95.38,13.69,20.35,23.31,94.47
2023,346,22.79,0.4,0.46,89.0,15.38,19.33,27.35,94.38
2023,347,22.98,0.43,0.08,80.25,16.5,18.99,27.63,94.39
2023,348,21.98,0.52,0.07,75.75,16.65,16.95,27.25,94.52
2023,349,22.16,0.49,0.46,81.0,17.0,17.29,27.55,94.56
2023,350,23.8,0.42,0.44,84.19,14.91,20.24,28.64,94.46
2023,351,23.67,0.52,1.26,84.94,14.9,20.68,28.15,94.42
2023,352,21.87,0.62,1.23,87.44,10.67,20.2,24.76,94.51
2023,353,22.3,0.55,0.11,80.44,17.13,19.64,25.96,94.54
2023,354,22.64,0.57,0.0,74.94,18.0,18.42,27.96,94.58
2023,355,23.04,0.56,0.04,81.5,18.97,18.01,28.11,94.59
2023,356,23.44,0.42,0.0,84.88,15.0,20.1,28.36,94.58
2023,357,22.83,0.5,0.0,77.06,18.34,18.16,28.47,94.62
2023,358,21.95,0.5,0.0,69.69,19.64,15.62,28.54,94.73
2023,359,23.49,0.45,0.0,77.5,19.0,18.37,29.83,94.65
2023,360,22.36,0.52,0.01,68.06,21.3,17.65,29.77,94.65
2023,361,21.83,0.55,0.0,67.38,21.96,16.23,29.85,94.65
2023,362,22.68,0.59,0.0,74.5,19.93,16.12,29.82,94.58
2023,363,23.44,0.55,0.02,75.38,18.18,18.61,29.72,94.58
2023,364,23.24,0.51,0.07,73.31,20.34,19.03,29.04,94.55
2023,365,22.48,0.59,0.0,70.88,20.05,17.16,29.48,94.57
